Filière de formation,Filière de formation détaillée,Filière de formation très agrégée,ID,tri
Année préparatoire,Année de Remise à Niveau Scientifique,Autre formation,385,3_Autres formations
Année préparatoire,Année de Réussite à Toulouse en Economie - Option économie gestion ou économie droit,Autre formation,494,3_Autres formations
Année préparatoire,Année préparatoire à l?École Nationale de la Marine Marchande - Officier 1ère classe,Autre formation,261,3_Autres formations
Année préparatoire,Année préparatoire à l?École Nationale de la Marine Marchande - Officier machine,Autre formation,519,3_Autres formations
Année préparatoire,Année préparatoire aux Etudes de Santé,Autre formation,17,3_Autres formations
Année préparatoire,Année Préparatoire aux Etudes Supérieures Scientifiques,Autre formation,45,3_Autres formations
Année préparatoire,Année Préparatoire aux Licences Mathématiques et Informatique (L0),Autre formation,508,3_Autres formations
Année préparatoire,ARS Année de Remise à Niveau Scientifique,Autre formation,417,3_Autres formations
Année préparatoire,audiovisuel,Autre formation,377,3_Autres formations
Année préparatoire,Classe d'approfondissement en arts plastiques,Autre formation,522,3_Autres formations
Année préparatoire,Classe de mise à niveau Cinéma-Audiovisuel,Autre formation,384,3_Autres formations
Année préparatoire,Classe de mise à niveau pour l'entrée en BTS et les poursuites d'études scientifiques,Autre formation,513,3_Autres formations
Année préparatoire,CPESIP (Cycle préparatoire aux Etudes Supérieures et à l'Insertion Professionnelle),Autre formation,397,3_Autres formations
Année préparatoire,Insertion à la Licence Scientifique (APILS),Autre formation,315,3_Autres formations
Année préparatoire,Méd. Bio. Pass,Autre formation,507,3_Autres formations
Année préparatoire,Mise à niveau en sciences et technologies,Autre formation,388,3_Autres formations
Année préparatoire,Mise à niveau scientifique,Autre formation,433,3_Autres formations
Année préparatoire,Mise à niveau scientifique,Autre formation,435,3_Autres formations
Année préparatoire,PCSO : Préparation aux cursus scientifiques d'Orsay,Autre formation,491,3_Autres formations
Année préparatoire,Préparation au concours IEP,Autre formation,369,3_Autres formations
Année préparatoire,"Préparation concours écoles de cinéma, photo, image (PREP'ARTS)",Autre formation,523,3_Autres formations
Bachelor,Océanographe - Prospecteur,Autre formation,359,3_Autres formations
BPJEPS,Activités aquatiques et de la natation,Autre formation,48,3_Autres formations
BPJEPS,Activités de la forme,Autre formation,57,3_Autres formations
BPJEPS,Activités équestres,Autre formation,409,3_Autres formations
BPJEPS,Activités gymniques,Autre formation,342,3_Autres formations
BPJEPS,Activités gymniques forme et force,Autre formation,500,3_Autres formations
BPJEPS,Activités physiques pour tous,Autre formation,54,3_Autres formations
BPJEPS,Activités sports collectifs,Autre formation,452,3_Autres formations
BPJEPS,Aviron (BPJEPS),Autre formation,55,3_Autres formations
BPJEPS,Basket-ball,Autre formation,456,3_Autres formations
BPJEPS,Canoë-Kayak,Autre formation,406,3_Autres formations
BPJEPS,Golf,Autre formation,408,3_Autres formations
BPJEPS,Judo-Jujitsu (BPJEPS),Autre formation,56,3_Autres formations
BPJEPS,Lutte et disciplines associées,Autre formation,455,3_Autres formations
BPJEPS,Surf,Autre formation,454,3_Autres formations
BPJEPS,Tennis de table (BPJEPS),Autre formation,52,3_Autres formations
BTS - Production,Aéronautique,BTS,228,2_Lycées
BTS - Production,Aménagement finition,BTS,229,2_Lycées
BTS - Production,Architectures en Métal : conception et Réalisation,BTS,232,2_Lycées
BTS - Production,Assistance technique d'ingénieur,BTS,180,2_Lycées
BTS - Production,Bâtiment,BTS,227,2_Lycées
BTS - Production,Bioanalyses et contrôles,BTS,93,2_Lycées
BTS - Production,Biotechnologie,BTS,217,2_Lycées
BTS - Production,Concepteur en art et industrie céramique,BTS,474,2_Lycées
BTS - Production,Conception de processus de découpe et d'emboutissage,BTS,372,2_Lycées
BTS - Production,Conception de produits industriels,BTS,204,2_Lycées
BTS - Production,Conception des processus de réalisation de produits (1ère année commune),BTS,194,2_Lycées
BTS - Production,Conception et industrialisation en construction navale,BTS,515,2_Lycées
BTS - Production,Conception et industrialisation en microtechniques,BTS,187,2_Lycées
BTS - Production,Conception et réalisation de carrosseries,BTS,237,2_Lycées
BTS - Production,Conception et Réalisation de Systèmes Automatiques,BTS,192,2_Lycées
BTS - Production,Conception et réalisation en chaudronnerie industrielle,BTS,197,2_Lycées
BTS - Production,Contrôle industriel et régulation automatique,BTS,190,2_Lycées
BTS - Production,"Design de mode, textile et environnement opt : mode",BTS,379,2_Lycées
BTS - Production,"Design de mode, textile et environnement, option textile et matériaux de surface",BTS,73,2_Lycées
BTS - Production,Design de produits,BTS,240,2_Lycées
BTS - Production,Design d'espace,BTS,211,2_Lycées
BTS - Production,Développement et Réalisation Bois,BTS,225,2_Lycées
BTS - Production,Electrotechnique,BTS,66,2_Lycées
BTS - Production,Enveloppe des bâtiments : conception et réalisation,BTS,231,2_Lycées
BTS - Production,Environnement nucléaire,BTS,207,2_Lycées
BTS - Production,Etude et économie de la construction,BTS,221,2_Lycées
BTS - Production,Etude et réalisation d'agencement,BTS,224,2_Lycées
BTS - Production,Europlastics et composites à référentiel commun européen - option Conception d'Outillage,BTS,214,2_Lycées
BTS - Production,Europlastics et composites à référentiel commun européen - option Pilotage et Optimisation de la production,BTS,195,2_Lycées
BTS - Production,"Fluide, énergie, domotique - option A génie climatique et fluidique",BTS,245,2_Lycées
BTS - Production,"Fluide, énergie, domotique - option B froid et conditionnement d'air",BTS,179,2_Lycées
BTS - Production,"Fluide, énergie, domotique - option C domotique et bâtiment communicants",BTS,189,2_Lycées
BTS - Production,Fonderie,BTS,368,2_Lycées
BTS - Production,Forge,BTS,374,2_Lycées
BTS - Production,Géologie appliquée,BTS,371,2_Lycées
BTS - Production,Industries céramiques,BTS,248,2_Lycées
BTS - Production,Innovations textiles - Option A : Structures,BTS,426,2_Lycées
BTS - Production,Innovations textiles - Option B : Traitements,BTS,373,2_Lycées
BTS - Production,Maintenance des matériels de construction et de manutention,BTS,210,2_Lycées
BTS - Production,Maintenance des systèmes - option A Systèmes de production,BTS,186,2_Lycées
BTS - Production,Maintenance des systèmes - option B Systèmes énergétiques et fluidiques,BTS,268,2_Lycées
BTS - Production,Maintenance des systèmes - option C Systèmes éoliens,BTS,235,2_Lycées
BTS - Production,Maintenance des véhicules option motocycles,BTS,283,2_Lycées
BTS - Production,Maintenance des véhicules option véhicules de transport routier,BTS,259,2_Lycées
BTS - Production,Maintenance des véhicules option voitures particulières,BTS,262,2_Lycées
BTS - Production,Métiers de la chimie,BTS,226,2_Lycées
BTS - Production,Métiers de la mode-chaussure et maroquinerie,BTS,220,2_Lycées
BTS - Production,Métiers de la mode-vêtements,BTS,239,2_Lycées
BTS - Production,Métiers du géomètre-topographe et de la modélisation numérique,BTS,218,2_Lycées
BTS - Production,Moteur à combustion interne,BTS,462,2_Lycées
BTS - Production,Pilotage des procédés,BTS,273,2_Lycées
BTS - Production,Qualité dans les industries alimentaires et les bio-industries,BTS,260,2_Lycées
BTS - Production,Systèmes constructifs bois et habitat,BTS,165,2_Lycées
BTS - Production,Systèmes numériques - Option électronique et communication,BTS,68,2_Lycées
BTS - Production,Systèmes numériques - Option informatique et réseaux,BTS,67,2_Lycées
BTS - Production,Systèmes photoniques,BTS,191,2_Lycées
BTS - Production,Technico-commercial (BTS),BTS,205,2_Lycées
BTS - Production,Techniques et services en matériels agricoles,BTS,234,2_Lycées
BTS - Production,Techniques physiques pour l'industrie et le laboratoire,BTS,276,2_Lycées
BTS - Production,Traitement des matériaux,BTS,254,2_Lycées
BTS - Production,Travaux publics,BTS,181,2_Lycées
BTS - Services,Analyses de biologie médicale,BTS,249,2_Lycées
BTS - Services,Assurance,BTS,77,2_Lycées
BTS - Services,Banque conseiller de clientèle,BTS,236,2_Lycées
BTS - Services,Commerce international à référentiel européen,BTS,101,2_Lycées
BTS - Services,Communication,BTS,87,2_Lycées
BTS - Services,Comptabilité et gestion,BTS,61,2_Lycées
BTS - Services,Design Communication - Espace - Volume,BTS,74,2_Lycées
BTS - Services,Design graphique option Communication et médias imprimés,BTS,75,2_Lycées
BTS - Services,Design graphique option Communication et médias numériques,BTS,253,2_Lycées
BTS - Services,Diététique,BTS,145,2_Lycées
BTS - Services,Economie sociale familiale,BTS,146,2_Lycées
BTS - Services,Edition,BTS,516,2_Lycées
BTS - Services,Etudes et réalisation d'un projet de communication - 1ère année commune,BTS,193,2_Lycées
BTS - Services,Gestion de la PME,BTS,153,2_Lycées
BTS - Services,Management des unités commerciales,BTS,70,2_Lycées
BTS - Services,Management en hôtellerie restauration,BTS,230,2_Lycées
BTS - Services,Métiers de la coiffure,BTS,285,2_Lycées
BTS - Services,Métiers de l'audio-visuel opt : gestion de la production,BTS,242,2_Lycées
BTS - Services,Métiers de l'audio-visuel opt : métiers de l'image,BTS,222,2_Lycées
BTS - Services,Métiers de l'audio-visuel opt : métiers du son,BTS,252,2_Lycées
BTS - Services,Métiers de l'audio-visuel opt : montage et post-production,BTS,213,2_Lycées
BTS - Services,Métiers de l'audio-visuel opt : techn. d'ingeniérie et exploit. équipements,BTS,216,2_Lycées
BTS - Services,Métiers de l'eau,BTS,272,2_Lycées
BTS - Services,Métiers de l'esthétique-cosmétique-parfumerie,BTS,108,2_Lycées
BTS - Services,Métiers des Services à l'environnement,BTS,251,2_Lycées
BTS - Services,Négociation et digitalisation de la Relation Client,BTS,168,2_Lycées
BTS - Services,Notariat,BTS,161,2_Lycées
BTS - Services,Opticien-Lunetier,BTS,91,2_Lycées
BTS - Services,Photographie,BTS,201,2_Lycées
BTS - Services,Podo-orthésiste,BTS,422,2_Lycées
BTS - Services,Professions immobilières,BTS,202,2_Lycées
BTS - Services,Prothésiste dentaire,BTS,247,2_Lycées
BTS - Services,Prothésiste orthésiste,BTS,219,2_Lycées
BTS - Services,Service et prestation des secteurs sanitaire et social,BTS,178,2_Lycées
BTS - Services,Services informatiques aux organisations,BTS,144,2_Lycées
BTS - Services,Support à l'action managériale,BTS,86,2_Lycées
BTS - Services,Tourisme,BTS,92,2_Lycées
BTS - Services,Transport et prestations logistiques,BTS,208,2_Lycées
BTSA,Agronomie : Productions végétales,BTS,89,2_Lycées
BTSA,Aménagements paysagers,BTS,85,2_Lycées
BTSA,"Analyse, conduite et stratégie de l'entreprise agricole",BTS,64,2_Lycées
BTSA,Analyses agricoles biologiques et biotechnologiques,BTS,98,2_Lycées
BTSA,Analyses agricoles biologiques et biotechnologiques pour Bac pro agricole : accéder à une école d'ingénieur,BTS,420,2_Lycées
BTSA,Aquaculture,BTS,290,2_Lycées
BTSA,Développement de l'agriculture des régions chaudes,BTS,363,2_Lycées
BTSA,"Développement, animation des territoires ruraux",BTS,65,2_Lycées
BTSA,génie des équipements agricoles,BTS,172,2_Lycées
BTSA,Gestion et maitrise de l'eau,BTS,182,2_Lycées
BTSA,Gestion et protection de la nature,BTS,49,2_Lycées
BTSA,Gestion forestière,BTS,60,2_Lycées
BTSA,Production horticole,BTS,183,2_Lycées
BTSA,productions animales,BTS,173,2_Lycées
BTSA,productions animales pour Bac pro agricole : accéder à une école d'ingénieur,BTS,362,2_Lycées
BTSA,Sciences et technologies des aliments spécialité Aliments et processus technologiques,BTS,100,2_Lycées
BTSA,Sciences et technologies des aliments spécialité Produits céréaliers,BTS,99,2_Lycées
BTSA,Sciences et technologies des aliments spécialité Produits laitiers,BTS,415,2_Lycées
BTSA,Sciences et technologies des aliments spécialité Viandes et produits de la pêche,BTS,184,2_Lycées
BTSA,Technico-commercial (BTSA),BTS,107,2_Lycées
BTSA,Viticulture-Oenologie,BTS,50,2_Lycées
Cadre Technique,Cadre technique génie de l'environnement marin,Autre formation,358,3_Autres formations
Cadre Technique,Cadre technique production et valorisation des ressources marines,Autre formation,162,3_Autres formations
Classe préparatoire aux études supérieures,Arts,Autre formation,199,3_Autres formations
Classe préparatoire aux études supérieures,Générale,Autre formation,365,3_Autres formations
Classe préparatoire aux études supérieures,Littéraire,Autre formation,364,3_Autres formations
Classe préparatoire aux études supérieures,Sciences économiques,Autre formation,270,3_Autres formations
Classe préparatoire aux études supérieures,Scientifique,Autre formation,291,3_Autres formations
Classe préparatoire économique et commerciale,ECE - Option économique,CPGE,164,2_Lycées
Classe préparatoire économique et commerciale,ECS - Option scientifique,CPGE,203,2_Lycées
Classe préparatoire économique et commerciale,ECT - Option technologique,CPGE,244,2_Lycées
Classe préparatoire économique et commerciale,ENS Cachan D2,CPGE,233,2_Lycées
Classe préparatoire économique et commerciale,ENS Rennes D1,CPGE,212,2_Lycées
Classe préparatoire économique et commerciale,Option économique - Prépa St Cyr,CPGE,269,2_Lycées
Classe préparatoire littéraire,B/L - Lettres et sciences sociales,CPGE,250,2_Lycées
Classe préparatoire littéraire,Ecole nationale des Chartes,CPGE,423,2_Lycées
Classe préparatoire littéraire,Lettres,CPGE,198,2_Lycées
Classe préparatoire littéraire,Option lettres et sciences humaines (St Cyr),CPGE,271,2_Lycées
Classe préparatoire scientifique,BCPST,CPGE,206,2_Lycées
Classe préparatoire scientifique,ENS Cachan C,CPGE,370,2_Lycées
Classe préparatoire scientifique,MPSI,CPGE,174,2_Lycées
Classe préparatoire scientifique,PCSI,CPGE,78,2_Lycées
Classe préparatoire scientifique,PTSI,CPGE,215,2_Lycées
Classe préparatoire scientifique,TB,CPGE,256,2_Lycées
Classe préparatoire scientifique,TPC,CPGE,188,2_Lycées
Classe préparatoire scientifique,TSI,CPGE,196,2_Lycées
Classes préparatoires aux écoles du social,Classe préparatoire aux écoles des carrières sociales,Autre formation,267,3_Autres formations
Classes préparatoires aux écoles du social,Préparation aux concours d'entrée des écoles d'Assistant de service social,Autre formation,431,3_Autres formations
Classes préparatoires aux écoles du social,Préparation aux concours d'entrée des écoles d'Educateur de Jeunes Enfants,Autre formation,430,3_Autres formations
Classes préparatoires aux écoles du social,Préparation aux concours d'entrée des écoles d'Educateur spécialisé,Autre formation,158,3_Autres formations
Classes préparatoires aux écoles paramédicales,Classe préparatoire aux écoles paramédicales,Autre formation,255,3_Autres formations
Classes préparatoires aux écoles paramédicales,Classe préparatoire en ergothérapie,Autre formation,403,3_Autres formations
Classes préparatoires aux écoles paramédicales,Formation préparatoire aux professions de santé (DUPPS),Autre formation,63,3_Autres formations
Classes préparatoires aux écoles paramédicales,Préparation aux concours d'entrée des écoles de Kinésithérapeute,Autre formation,325,3_Autres formations
Classes préparatoires aux écoles paramédicales,Préparation aux concours d'entrée des écoles de Psychomotricité,Autre formation,157,3_Autres formations
Classes préparatoires aux écoles paramédicales,Préparation aux concours d'entrée des écoles de Soins Infirmiers,Autre formation,46,3_Autres formations
Classes préparatoires aux écoles paramédicales,Préparation aux concours d'entrée des écoles d'Orthophonie,Autre formation,257,3_Autres formations
Classes préparatoires aux écoles paramédicales,Préparation aux concours d'entrée en écoles d'audioprothésiste,Autre formation,470,3_Autres formations
Classes préparatoires aux écoles paramédicales,Préparation aux concours d'entrée en écoles d'orthoptiste,Autre formation,159,3_Autres formations
Classes préparatoires aux écoles paramédicales,Préparation aux concours paramédicaux,Autre formation,185,3_Autres formations
CPES,Cycle pluridisciplinaire d?'enseignement supérieur - Humanités,Autre formation,518,3_Autres formations
CPES,Cycle pluridisciplinaire d'enseignement supérieur - Sciences,Autre formation,424,3_Autres formations
CPES,Cycle pluridisciplinaire d'enseignement supérieur - SESJ,Autre formation,425,3_Autres formations
CUPGE - Arts Lettres Langues,Cycle Préparatoire Lettres  - Licence renforcée,Autre formation,532,3_Autres formations
CUPGE - Droit-économie-gestion,"Préparation aux concours des écoles de commerce, Parcours Economie- Finance",Autre formation,155,3_Autres formations
CUPGE - Droit-économie-gestion,"Préparation aux concours des écoles de commerce, Parcours Gestion",Autre formation,156,3_Autres formations
CUPGE - Sciences humaines et sociales,Cycle préparatoire aux concours des Instituts d'Etudes Politiques de province (Camille Saint Saëns),Autre formation,402,3_Autres formations
CUPGE - Sciences humaines et sociales,Cycle préparatoire aux concours des Instituts d'Etudes Politiques de province (Val de Seine),Autre formation,533,3_Autres formations
"CUPGE - Sciences, technologie, santé",Classe Préparatoire Universitaire - Physique - Chimie,Autre formation,312,3_Autres formations
"CUPGE - Sciences, technologie, santé",Classe Préparatoire Universitaire Mathématiques - Physique - Informatique,Autre formation,311,3_Autres formations
"CUPGE - Sciences, technologie, santé",Cursus préparatoire aux concours des grandes écoles d'ingénieurs,Autre formation,526,3_Autres formations
"CUPGE - Sciences, technologie, santé",Cycle préparatoire aux écoles d'ingénieurs,Autre formation,493,3_Autres formations
"CUPGE - Sciences, technologie, santé",cycle préparatoire ingénieur (matériaux),Autre formation,446,3_Autres formations
"CUPGE - Sciences, technologie, santé",Cycle préparatoire ingénieur technologies de l'information,Autre formation,484,3_Autres formations
"CUPGE - Sciences, technologie, santé","Cycle préparatoire Physique Chimie, parcours d'Excellence",Autre formation,442,3_Autres formations
"CUPGE - Sciences, technologie, santé",Cycle Universitaire de Préparation aux Grandes Ecoles Scientifiques,Autre formation,310,3_Autres formations
"CUPGE - Sciences, technologie, santé",Cycle Universitaire Préparatoire aux Grandes Ecoles,Autre formation,332,3_Autres formations
"CUPGE - Sciences, technologie, santé",Cycle Universitaire Préparatoire aux Grandes Ecoles - Mathématiques et Physique,Autre formation,483,3_Autres formations
"CUPGE - Sciences, technologie, santé","Cycle universitaire préparatoire aux grandes écoles - Parcours Informatique, Mathématiques",Autre formation,392,3_Autres formations
"CUPGE - Sciences, technologie, santé",Cycle universitaire préparatoire aux grandes écoles - Parcours Sciences pour l'ingénieur,Autre formation,391,3_Autres formations
"CUPGE - Sciences, technologie, santé",Cycle universitaire préparatoire aux grandes écoles - Physique,Autre formation,306,3_Autres formations
"CUPGE - Sciences, technologie, santé",Cycle Universitaire Préparatoire aux Grandes Ecoles - Physique et Mathématiques,Autre formation,441,3_Autres formations
"CUPGE - Sciences, technologie, santé",Mathématique - Préparation aux écoles d'ingénieurs,Autre formation,436,3_Autres formations
"CUPGE - Sciences, technologie, santé",Mathématiques Physique Préparation Concours,Autre formation,401,3_Autres formations
"CUPGE - Sciences, technologie, santé",Parcours mathématiques-physique,Autre formation,393,3_Autres formations
"CUPGE - Sciences, technologie, santé",Parcours physique-chimie,Autre formation,394,3_Autres formations
"CUPGE - Sciences, technologie, santé",Parcours scientifique renforcé,Autre formation,444,3_Autres formations
"CUPGE - Sciences, technologie, santé",Prep'ISIMA,Autre formation,527,3_Autres formations
"CUPGE - Sciences, technologie, santé",Sciences de la Vie et de la Terre : préparation aux concours B Agro et Véto (Sites Saint Charles),Autre formation,335,3_Autres formations
"CUPGE - Sciences, technologie, santé",Sciences pour l'ingénieur,Autre formation,512,3_Autres formations
DCG,Diplôme de Comptabilité et de Gestion,Autre formation,143,3_Autres formations
DEJEPS,Athlétisme et disciplines associées,Autre formation,457,3_Autres formations
DEJEPS,Attelage canin,Autre formation,453,3_Autres formations
DEJEPS,Aviron (DEJEPS),Autre formation,338,3_Autres formations
DEJEPS,Badminton,Autre formation,340,3_Autres formations
DEJEPS,BMX,Autre formation,411,3_Autres formations
DEJEPS,Canoë-kayak et disciplines associées en eau vive,Autre formation,53,3_Autres formations
DEJEPS,Canyonisme,Autre formation,72,3_Autres formations
DEJEPS,Escalade en milieu naturel,Autre formation,412,3_Autres formations
DEJEPS,Handball,Autre formation,51,3_Autres formations
DEJEPS,Judo-Jujitsu (DEJEPS),Autre formation,458,3_Autres formations
DEJEPS,Motocyclisme,Autre formation,410,3_Autres formations
DEJEPS,Natation,Autre formation,498,3_Autres formations
DEJEPS,Rugby à XV,Autre formation,59,3_Autres formations
DEJEPS,Spéléologie,Autre formation,337,3_Autres formations
DEJEPS,Tennis,Autre formation,58,3_Autres formations
DEJEPS,Tennis de table (DEJEPS),Autre formation,339,3_Autres formations
DEJEPS,Triathlon,Autre formation,499,3_Autres formations
DEJEPS,Vélo tout terrain,Autre formation,407,3_Autres formations
DEJEPS,Volley-ball (DEJEPS),Autre formation,341,3_Autres formations
DEUST,Accueil d'excellence en tourisme,Autre formation,434,3_Autres formations
DEUST,"Action, commercialisation des services sportifs",Autre formation,300,3_Autres formations
DEUST,"Activités physiques et sportives adaptées : déficiences intellectuelles, troubles psychiques",Autre formation,317,3_Autres formations
DEUST,Activités physiques et sportives et inadaptations sociales,Autre formation,321,3_Autres formations
DEUST,Analyse des milieux biologiques,Autre formation,439,3_Autres formations
DEUST,"Animation et gestion des activités physiques, sportives ou culturelles",Autre formation,303,3_Autres formations
DEUST,"Animation et gestion des activités sportives, physiques ou culturelles, parcours activités aquatiques",Autre formation,297,3_Autres formations
DEUST,"Animation et gestion des activités sportives, physiques ou culturelles, parcours activités de pleine nature",Autre formation,387,3_Autres formations
DEUST,"Animation et gestion des activités sportives, physiques ou culturelles, parcours agent de développement de club sportif",Autre formation,386,3_Autres formations
DEUST,"Animation et gestion des activités sportives, physiques ou culturelles, parcours animation",Autre formation,481,3_Autres formations
DEUST,Assistant juridique,Autre formation,535,3_Autres formations
DEUST,Bâtiment et Construction,Autre formation,322,3_Autres formations
DEUST,Bio-industries et biotechnologies,Autre formation,33,3_Autres formations
DEUST,Formation de base aux métiers du théâtre,Autre formation,495,3_Autres formations
DEUST,Informatique d'Organisation des Systèmes d'Information,Autre formation,487,3_Autres formations
DEUST,Intervention Sociale,Autre formation,529,3_Autres formations
DEUST,"Maintenance hôtelière, hospitalière et immobilière",Autre formation,479,3_Autres formations
DEUST,"Médiations citoyennes : éducation, culture, social, environnement",Autre formation,534,3_Autres formations
DEUST,Métiers de la cohésion sociale,Autre formation,323,3_Autres formations
DEUST,Métiers de la forme,Autre formation,29,3_Autres formations
DEUST,"Métiers de l'animation sociale, socio-éducative et socio-culturelle",Autre formation,485,3_Autres formations
DEUST,Métiers des bibliothèques et de la documentation,Autre formation,528,3_Autres formations
DEUST,Métiers du livre,Autre formation,447,3_Autres formations
DEUST,"Pratique et gestion des activités physiques, sportives et de loisirs pour les publics séniors",Autre formation,486,3_Autres formations
DEUST,"Production, contrôles et qualité des produits de santé",Autre formation,389,3_Autres formations
DEUST,"Santé, environnement : techniques industrielles et commerciales",Autre formation,399,3_Autres formations
DEUST,Technicien de la mer et du littoral,Autre formation,536,3_Autres formations
DEUST,Technologies de l'organisation dans les professions de santé,Autre formation,440,3_Autres formations
DEUST,Webmaster et gestionnaire d'intranet,Autre formation,530,3_Autres formations
Diplôme des métiers d'Arts,Art du bijou et du joyau,Autre formation,477,3_Autres formations
Diplôme des métiers d'Arts,Arts Graphiques Option Gravure,Autre formation,367,3_Autres formations
Diplôme des métiers d'Arts,Arts Graphiques Option Illustration,Autre formation,473,3_Autres formations
Diplôme des métiers d'Arts,Arts Graphiques Option Reliure Dorure,Autre formation,517,3_Autres formations
Diplôme des métiers d'Arts,Cinéma d'animation,Autre formation,288,3_Autres formations
Diplôme des métiers d'Arts,Décor architectural A : Traitement plastique de la transparence (vitrail),Autre formation,80,3_Autres formations
Diplôme des métiers d'Arts,Décor architectural B : Décor du mur : Laque,Autre formation,502,3_Autres formations
Diplôme des métiers d'Arts,Décor architectural B : Décor du mur : Mosaïque / fresque,Autre formation,345,3_Autres formations
Diplôme des métiers d'Arts,Décor architectural C : Métal,Autre formation,344,3_Autres formations
Diplôme des métiers d'Arts,Décor architectural D : Matériaux de synthèse,Autre formation,459,3_Autres formations
Diplôme des métiers d'Arts,Décor architectural Option arts du verre et du cristal,Autre formation,277,3_Autres formations
Diplôme des métiers d'Arts,Habitat décors et mobiliers. Spécialité : décors et traitements de surfaces,Autre formation,465,3_Autres formations
Diplôme des métiers d'Arts,Habitat décors et mobiliers. Spécialité : Ebénisterie,Autre formation,286,3_Autres formations
Diplôme des métiers d'Arts,Habitat décors et mobiliers. Spécialité : Marqueterie,Autre formation,505,3_Autres formations
Diplôme des métiers d'Arts,Habitat décors et mobiliers. Spécialité : menuiserie en sièges,Autre formation,416,3_Autres formations
Diplôme des métiers d'Arts,Habitat décors et mobiliers. Spécialité : sculpture sur bois,Autre formation,464,3_Autres formations
Diplôme des métiers d'Arts,Habitat décors et mobiliers. Spécialité : tapisserie,Autre formation,463,3_Autres formations
Diplôme des métiers d'Arts,Habitat décors et mobiliers. Spécialité Restauration et conservation de mobilier,Autre formation,466,3_Autres formations
Diplôme des métiers d'Arts,Habitat Option décors et mobilier,Autre formation,421,3_Autres formations
Diplôme des métiers d'Arts,Habitat Option Ornement et Objets. Spécialité : Ciselure,Autre formation,506,3_Autres formations
Diplôme des métiers d'Arts,Habitat Option Ornement et Objets. Spécialité : conception application métal,Autre formation,348,3_Autres formations
Diplôme des métiers d'Arts,Habitat Option Ornement et Objets. Spécialité : gravure en modelé,Autre formation,347,3_Autres formations
Diplôme des métiers d'Arts,Habitat Option Ornement et Objets. Spécialité : gravure Ornementale,Autre formation,504,3_Autres formations
Diplôme des métiers d'Arts,Habitat Option Ornement et Objets. Spécialité : tournage d'art,Autre formation,503,3_Autres formations
Diplôme des métiers d'Arts,Option costumier réalisateur,Autre formation,375,3_Autres formations
Diplôme des métiers d'Arts,Régie de spectacle Option lumière,Autre formation,378,3_Autres formations
Diplôme des métiers d'Arts,Régie de spectacle Option son,Autre formation,275,3_Autres formations
Diplôme des métiers d'Arts,"Textile Céramique : Arts textiles, option broderie",Autre formation,381,3_Autres formations
Diplôme des métiers d'Arts,"Textile Céramique : Arts textiles, option tissage",Autre formation,382,3_Autres formations
Diplôme des métiers d'Arts,Textile Céramique : Céramique Artisanale,Autre formation,476,3_Autres formations
Diplôme d'établissement,Paysagiste concepteur,Autre formation,414,3_Autres formations
DN MADE,Animation,Autre formation,163,3_Autres formations
DN MADE,Espace,Autre formation,83,3_Autres formations
DN MADE,Événement,Autre formation,246,3_Autres formations
DN MADE,Graphisme,Autre formation,81,3_Autres formations
DN MADE,Innovation sociale,Autre formation,383,3_Autres formations
DN MADE,Instrument,Autre formation,284,3_Autres formations
DN MADE,Livre,Autre formation,241,3_Autres formations
DN MADE,Matériaux,Autre formation,265,3_Autres formations
DN MADE,Mode,Autre formation,274,3_Autres formations
DN MADE,Numérique,Autre formation,223,3_Autres formations
DN MADE,Objet,Autre formation,102,3_Autres formations
DN MADE,Ornement,Autre formation,82,3_Autres formations
DN MADE,Patrimoine,Autre formation,429,3_Autres formations
DN MADE,Portail,Autre formation,475,3_Autres formations
DN MADE,Spectacle,Autre formation,263,3_Autres formations
DN MADE,Textile,Autre formation,103,3_Autres formations
DU,Carrières juridiques,Autre formation,326,3_Autres formations
DU,Diplôme d'université Collège de droit de la Sorbonne 1ère année,Autre formation,15,3_Autres formations
DU,DU informatique,Autre formation,443,3_Autres formations
DU,DU PAREO,Autre formation,329,3_Autres formations
DU,DU préparant au BTS Opticien - Lunetier,Autre formation,497,3_Autres formations
DU,DU Préparation à l'enseignement supérieur,Autre formation,509,3_Autres formations
DU,DU Web Design et mutation numérique du journalisme (SupMédiaWeb),Autre formation,488,3_Autres formations
DU,Métiers du sport,Autre formation,492,3_Autres formations
DUT - Production,Chimie,DUT,136,1_universités
DUT - Production,Génie biologique Option agronomie,DUT,141,1_universités
DUT - Production,Génie biologique Option analyses biologiques et biochimiques,DUT,126,1_universités
DUT - Production,Génie biologique Option bio-informatique,DUT,467,1_universités
DUT - Production,Génie biologique Option diététique,DUT,131,1_universités
DUT - Production,Génie biologique Option génie de l'environnement,DUT,139,1_universités
DUT - Production,Génie biologique Option industries agroalimentaires et biologiques,DUT,120,1_universités
DUT - Production,Génie chimique génie des procédés,DUT,171,1_universités
DUT - Production,Génie civil - Construction durable,DUT,135,1_universités
DUT - Production,Génie civil Trinational,DUT,511,1_universités
DUT - Production,Génie électrique et informatique industrielle,DUT,116,1_universités
DUT - Production,Génie électrique et informatique industrielle - Trinational,DUT,510,1_universités
DUT - Production,Génie industriel et maintenance,DUT,110,1_universités
DUT - Production,Génie mécanique et productique,DUT,118,1_universités
DUT - Production,Génie mécanique et productique trinational,DUT,353,1_universités
DUT - Production,Génie thermique et énergie,DUT,112,1_universités
DUT - Production,Hygiène Sécurité Environnement,DUT,137,1_universités
DUT - Production,Informatique,DUT,125,1_universités
DUT - Production,Mesures physiques,DUT,119,1_universités
DUT - Production,Métiers du multimédia et de l'internet,DUT,111,1_universités
DUT - Production,"Packaging, emballage et conditionnement",DUT,352,1_universités
DUT - Production,"Qualité, logistique industrielle et organisation",DUT,132,1_universités
DUT - Production,Réseaux et télécommunications,DUT,122,1_universités
DUT - Production,Science et génie des matériaux,DUT,133,1_universités
DUT - Production,Science et génie des matériaux - arts appliqués,DUT,472,1_universités
DUT - Service,Carrières juridiques,DUT,134,1_universités
DUT - Service,Carrières sociales Option animation sociale et socio-culturelle,DUT,114,1_universités
DUT - Service,Carrières sociales Option assistance sociale,DUT,129,1_universités
DUT - Service,Carrières sociales Option éducation spécialisée,DUT,127,1_universités
DUT - Service,Carrières sociales Option gestion urbaine,DUT,109,1_universités
DUT - Service,Carrières sociales Option services à la personne,DUT,351,1_universités
DUT - Service,Gestion administrative et commerciale des organisations,DUT,113,1_universités
DUT - Service,Gestion administrative et commerciale des organisations - Arts,DUT,117,1_universités
DUT - Service,Gestion des entreprises et des administrations,DUT,128,1_universités
DUT - Service,Gestion logistique et transport,DUT,124,1_universités
DUT - Service,Information communication Option communication des organisations,DUT,123,1_universités
DUT - Service,Information communication Option information numérique dans les organisations,DUT,140,1_universités
DUT - Service,Information communication Option journalisme,DUT,130,1_universités
DUT - Service,Information communication Option métiers du livre et du patrimoine,DUT,138,1_universités
DUT - Service,Information communication Option publicité,DUT,170,1_universités
DUT - Service,Statistique et informatique décisionnelle,DUT,121,1_universités
DUT - Service,Techniques de commercialisation,DUT,115,1_universités
DUT - Service,Techniques de commercialisation - Formation franco-allemande en gestion touristique TEC2TOUR,DUT,468,1_universités
DUT - Service,Techniques de commercialisation - Formation trinationale franco-germano-suisse IBM,DUT,418,1_universités
Ecole d'architecture,Architecture,Autre formation,84,3_Autres formations
Ecole d'architecture,Bicursus Architecure Ingénieur EIVP,Autre formation,346,3_Autres formations
Ecole d'architecture,Bicursus Architecure Ingénieur ESTP,Autre formation,460,3_Autres formations
Ecole d'architecture,Paysage,Autre formation,461,3_Autres formations
Ecole supérieure d'art,Ecole supérieure d'art,Autre formation,90,3_Autres formations
Ecoles de commerce,Commerce,Autre formation,47,3_Autres formations
Formation en ingénierie,Chimie,Autre formation,313,3_Autres formations
Formation en ingénierie,Economie,Autre formation,395,3_Autres formations
Formation en ingénierie,Economie et gestion,Autre formation,19,3_Autres formations
Formation en ingénierie,"Electronique, énergie électrique, automatique",Autre formation,331,3_Autres formations
Formation en ingénierie,Génie civil,Autre formation,308,3_Autres formations
Formation en ingénierie,Géographie et aménagement,Autre formation,309,3_Autres formations
Formation en ingénierie,Histoire,Autre formation,437,3_Autres formations
Formation en ingénierie,Information et communication,Autre formation,396,3_Autres formations
Formation en ingénierie,Informatique,Autre formation,320,3_Autres formations
Formation en ingénierie,Langues étrangères appliquées,Autre formation,482,3_Autres formations
Formation en ingénierie,Mathématiques,Autre formation,37,3_Autres formations
Formation en ingénierie,Mécanique,Autre formation,314,3_Autres formations
Formation en ingénierie,Physique,Autre formation,333,3_Autres formations
Formation en ingénierie,"Physique, chimie",Autre formation,294,3_Autres formations
Formation en ingénierie,Sciences de la terre,Autre formation,38,3_Autres formations
Formation en ingénierie,Sciences de la vie,Autre formation,336,3_Autres formations
Formation en ingénierie,Sciences de la vie et de la terre,Autre formation,293,3_Autres formations
Formation en ingénierie,Sciences et Techniques des Activités Physiques et Sportives,Autre formation,451,3_Autres formations
Formation en ingénierie,Sciences et technologies,Autre formation,438,3_Autres formations
Formation en ingénierie,Sciences pour la santé,Autre formation,398,3_Autres formations
Formation en ingénierie,Sciences pour l'ingénieur,Autre formation,301,3_Autres formations
Formations d'ingénieurs,Agroalimentaire,Autre formation,449,3_Autres formations
Formations d'ingénieurs,bac ES,Autre formation,471,3_Autres formations
Formations d'ingénieurs,"bac ES,L",Autre formation,343,3_Autres formations
Formations d'ingénieurs,"bac ES,STI2D,STL,bac +1+2 S",Autre formation,95,3_Autres formations
Formations d'ingénieurs,bac S,Autre formation,71,3_Autres formations
Formations d'ingénieurs,"Bac S,STAV,STL",Autre formation,167,3_Autres formations
Formations d'ingénieurs,"bac S,STI2D",Autre formation,147,3_Autres formations
Formations d'ingénieurs,"bac S,STI2D,STL",Autre formation,96,3_Autres formations
Formations d'ingénieurs,"bac STAV, STL",Autre formation,292,3_Autres formations
Formations d'ingénieurs,"bac STAV,STI2D,STL",Autre formation,524,3_Autres formations
Formations d'ingénieurs,bac STI2D,Autre formation,97,3_Autres formations
Formations d'ingénieurs,"bac STI2D,STL",Autre formation,149,3_Autres formations
Formations d'ingénieurs,bac STL,Autre formation,169,3_Autres formations
Formations d'ingénieurs,Cycle préparatoire informatique,Autre formation,349,3_Autres formations
Formations d'ingénieurs,Cycle préparatoire intégré,Autre formation,514,3_Autres formations
Formations d'ingénieurs,Horticulture-Paysage,Autre formation,448,3_Autres formations
Formations diplômantes du social,Diplôme d'état d'Assistant de service social,Autre formation,150,3_Autres formations
Formations diplômantes du social,Diplôme d'état d'Educateur de Jeunes Enfants,Autre formation,151,3_Autres formations
Formations diplômantes du social,Diplôme d'état d'Educateur Spécialisé,Autre formation,152,3_Autres formations
Formations diplômantes du social,Diplôme d'état d'Educateurs Techniques Spécialisés,Autre formation,88,3_Autres formations
Formations diplômantes paramédicales,Diplôme d'état de manipulateur/trice en électroradiologie médicale,Autre formation,76,3_Autres formations
Formations diplômantes paramédicales,Diplôme d'Etat de Technicien de Laboratoire Médical,Autre formation,354,3_Autres formations
Formations diplômantes paramédicales,Diplôme d'Ostéopathe,Autre formation,360,3_Autres formations
Formations diplômantes paramédicales,DTS Imagerie médicale et radiologie thérapeutique,Autre formation,175,3_Autres formations
Licence - Arts-lettres-langues,Arts,Licence,40,1_universités
Licence - Arts-lettres-langues,Arts du spectacle,Licence,39,1_universités
Licence - Arts-lettres-langues,Arts plastiques,Licence,106,1_universités
Licence - Arts-lettres-langues,Cinéma,Licence,489,1_universités
Licence - Arts-lettres-langues,Etudes culturelles,Licence,531,1_universités
Licence - Arts-lettres-langues,Etudes européennes et internationales,Licence,298,1_universités
Licence - Arts-lettres-langues,Histoire de l'art et archéologie,Licence,356,1_universités
Licence - Arts-lettres-langues,Humanités,Licence,32,1_universités
Licence - Arts-lettres-langues,Information et communication,Licence,41,1_universités
Licence - Arts-lettres-langues,Langues étrangères appliquées,Licence,3,1_universités
Licence - Arts-lettres-langues,"Langues, littératures & civilisations étrangères",Licence,327,1_universités
Licence - Arts-lettres-langues,"Langues, littératures & civilisations étrangères et régionales",Licence,2,1_universités
Licence - Arts-lettres-langues,Lettres,Licence,24,1_universités
Licence - Arts-lettres-langues,"Lettres, langues",Licence,296,1_universités
Licence - Arts-lettres-langues,Musicologie,Licence,44,1_universités
Licence - Arts-lettres-langues,Philosophie,Licence,304,1_universités
Licence - Arts-lettres-langues,Sciences du langage,Licence,299,1_universités
Licence - Arts-lettres-langues / Sciences humaines et sociales,Lettres,Licence,480,1_universités
Licence - Arts-lettres-langues / Sciences humaines et sociales,Sciences du langage,Licence,537,1_universités
Licence - Droit-économie-gestion,Administration économique et sociale,Licence,7,1_universités
Licence - Droit-économie-gestion,Administration et Echanges internationaux,Licence,28,1_universités
Licence - Droit-économie-gestion,Administration publique,Licence,324,1_universités
Licence - Droit-économie-gestion,Droit,Licence,4,1_universités
Licence - Droit-économie-gestion,Droit français - Droit étranger,Licence,30,1_universités
Licence - Droit-économie-gestion,Economie,Licence,14,1_universités
Licence - Droit-économie-gestion,Economie et gestion,Licence,1,1_universités
Licence - Droit-économie-gestion,Gestion,Licence,5,1_universités
Licence - Droit-économie-gestion,Licence intégrée franco-allemande en droit,Licence,307,1_universités
Licence - Droit-économie-gestion,Science politique,Licence,142,1_universités
Licence - Droit-économie-gestion,Sciences sanitaires et sociales,Licence,445,1_universités
Licence - Droit-économie-gestion,Sciences sociales,Licence,160,1_universités
Licence - Droit-économie-gestion / Arts-lettres-langues,Droit,Licence,400,1_universités
Licence - Droit-économie-gestion / Sciences - technologies - santé,Mathématiques,Licence,295,1_universités
Licence - Droit-économie-gestion / Sciences humaines et sociales,Droit,Licence,525,1_universités
Licence - Droit-économie-gestion / Sciences humaines et sociales,Histoire,Licence,469,1_universités
Licence - Sciences - technologies - santé,Chimie,Licence,25,1_universités
Licence - Sciences - technologies - santé,"Electronique, énergie électrique, automatique",Licence,42,1_universités
Licence - Sciences - technologies - santé,Génie civil,Licence,43,1_universités
Licence - Sciences - technologies - santé,Informatique,Licence,21,1_universités
Licence - Sciences - technologies - santé,Mathématiques,Licence,35,1_universités
Licence - Sciences - technologies - santé,Mathématiques et informatique appliquées aux sciences humaines et sociales,Licence,27,1_universités
Licence - Sciences - technologies - santé,"Mathématiques, physique, chimie, informatique",Licence,450,1_universités
Licence - Sciences - technologies - santé,Mécanique,Licence,405,1_universités
Licence - Sciences - technologies - santé,"PACES - Médecine, Pharmacie, Odontologie (dentiste), Maïeutique (sage-femmes)",PACES,18,1_universités
Licence - Sciences - technologies - santé,Physique,Licence,34,1_universités
Licence - Sciences - technologies - santé,"Physique, chimie",Licence,16,1_universités
Licence - Sciences - technologies - santé,Sciences de la terre,Licence,26,1_universités
Licence - Sciences - technologies - santé,Sciences de la vie,Licence,9,1_universités
Licence - Sciences - technologies - santé,Sciences de la vie et de la terre,Licence,62,1_universités
Licence - Sciences - technologies - santé,Sciences et Humanités,Licence,496,1_universités
Licence - Sciences - technologies - santé,Sciences et Techniques des Activités Physiques et Sportives,Licence,105,1_universités
Licence - Sciences - technologies - santé,Sciences et technologies,Licence,36,1_universités
Licence - Sciences - technologies - santé,Sciences pour la santé,Licence,22,1_universités
Licence - Sciences - technologies - santé,Sciences pour l'ingénieur,Licence,8,1_universités
Licence - Sciences - technologies - santé,Sciences sanitaires et sociales,Licence,328,1_universités
Licence - Sciences humaines et sociales,Administration économique et sociale,Licence,316,1_universités
Licence - Sciences humaines et sociales,Géographie et aménagement,Licence,31,1_universités
Licence - Sciences humaines et sociales,Histoire,Licence,6,1_universités
Licence - Sciences humaines et sociales,Histoire de l'art et archéologie,Licence,13,1_universités
Licence - Sciences humaines et sociales,Humanités,Licence,357,1_universités
Licence - Sciences humaines et sociales,Information et communication,Licence,104,1_universités
Licence - Sciences humaines et sociales,Mathématiques et informatique appliquées aux sciences humaines et sociales,Licence,404,1_universités
Licence - Sciences humaines et sociales,Philosophie,Licence,166,1_universités
Licence - Sciences humaines et sociales,Psychologie,Licence,11,1_universités
Licence - Sciences humaines et sociales,Science politique,Licence,490,1_universités
Licence - Sciences humaines et sociales,Sciences de l'éducation,Licence,10,1_universités
Licence - Sciences humaines et sociales,"Sciences de l'Homme, Anthropologie, Ethnologie",Licence,330,1_universités
Licence - Sciences humaines et sociales,Sciences du langage,Licence,20,1_universités
Licence - Sciences humaines et sociales,Sciences et Techniques des Activités Physiques et Sportives,Licence,23,1_universités
Licence - Sciences humaines et sociales,Sciences sanitaires et sociales,Licence,390,1_universités
Licence - Sciences humaines et sociales,Sciences sociales,Licence,12,1_universités
Licence - Sciences humaines et sociales,Sociologie,Licence,154,1_universités
Licence - Sciences humaines et sociales,Théologie,Licence,350,1_universités
Licence - Sciences humaines et sociales,Théologie Catholique,Licence,319,1_universités
Licence - Sciences humaines et sociales,Théologie Protestante,Licence,318,1_universités
Licence - Sciences humaines et sociales / Sciences - technologies - santé,Sciences pour l'ingénieur,Licence,305,1_universités
Licence - STAPS,Sciences et Techniques des Activités Physiques et Sportives,Licence,302,1_universités
Mention complémentaire,Accueil dans transports,Autre formation,258,3_Autres formations
Mention complémentaire,Accueil réception,Autre formation,94,3_Autres formations
Mention complémentaire,Aéronautique - option avionique,Autre formation,287,3_Autres formations
Mention complémentaire,Aéronautique option avions à moteur à pistons,Autre formation,520,3_Autres formations
Mention complémentaire,Aéronautique option avions à moteur à turbines,Autre formation,376,3_Autres formations
Mention complémentaire,Aéronautique option hélicoptère moteur à turbines,Autre formation,428,3_Autres formations
Mention complémentaire,Agent de contrôle non destructif,Autre formation,521,3_Autres formations
Mention complémentaire,Animation-gestion de projets dans le secteur sportif,Autre formation,266,3_Autres formations
Mention complémentaire,Assistance Conseil Vente à distance,Autre formation,281,3_Autres formations
Mention complémentaire,Maintenance des installations oléohydrauliques et pneumatiques,Autre formation,238,3_Autres formations
Mention complémentaire,Maquettes et prototypes,Autre formation,209,3_Autres formations
Mention complémentaire,Mécanicien en compétition automobile - Option monoplace,Autre formation,501,3_Autres formations
Mention complémentaire,Mécatronique navale,Autre formation,177,3_Autres formations
Mention complémentaire,Organisateur de réception,Autre formation,280,3_Autres formations
Mention complémentaire,Peinture décoration,Autre formation,380,3_Autres formations
Mention complémentaire,Services financiers,Autre formation,289,3_Autres formations
Mention complémentaire,"Technicien ascensoriste, service et modernisation",Autre formation,264,3_Autres formations
Mention complémentaire,Technicien en chaudronnerie aéronautique et spatiale,Autre formation,478,3_Autres formations
Mention complémentaire,Technicien en énergies renouvelables (option énergie électrique),Autre formation,176,3_Autres formations
Mention complémentaire,Technicien en énergies renouvelables (option thermique),Autre formation,366,3_Autres formations
Mention complémentaire,Technicien en réseau électrique,Autre formation,279,3_Autres formations
Mention complémentaire,Technicien(ne) en soudage,Autre formation,278,3_Autres formations
Mention complémentaire,Technicien(ne) en tuyauterie,Autre formation,282,3_Autres formations
Mention complémentaire,Vendeur spécialisé en produits techniques pour l'habitat,Autre formation,243,3_Autres formations
Mise à niveau,Arts appliqués,Autre formation,69,3_Autres formations
Mise à niveau,Diplôme des métiers d'arts,Autre formation,427,3_Autres formations
Mise à niveau,Hôtellerie restauration,Autre formation,200,3_Autres formations
Technicien supérieur,Assistant ingénieur en biologie-biochimie - biotechnologies,Autre formation,355,3_Autres formations
Technicien supérieur,Chargé de projet en aménagement durable du territoire,Autre formation,413,3_Autres formations
Technicien supérieur,Géomètre-Géomaticien,Autre formation,79,3_Autres formations
Technicien supérieur,Gestionnaire d'unité commerciale,Autre formation,148,3_Autres formations
Technicien supérieur,Technicien en Qualité Sécurité Environnement Management des risques,Autre formation,419,3_Autres formations
Technicien supérieur,Technicien Supérieur du transport aérien et maritime de marchandises,Autre formation,334,3_Autres formations
Technicien supérieur,Technicien Supérieur Géologie,Autre formation,432,3_Autres formations
Titre professionnel,Responsable technique en bâtiment et travaux publics,Autre formation,361,3_Autres formations
