Filière de formation très agrégée,Filière de formation,Filière de formation détaillée,Effectif total des candidats pour la formation,Dont F,En Phase Principale,Dont Bac G,Dont Bac Tech,Dont Bac Pro,En Phase Complémentaire,Dont Bac G,Dont Bac Tech,Dont Bac Pro,Nb Max Admis,En Phase Principale,En Phase Complémentaire,Dont Néo Bac,Dont Bac G,Dont Bac Pro,Donc Bac Tech,Dont F
Autre formation,Mention complémentaire,Accueil dans transports,536,421,490,28,47,326,46,4,4,22,91,69,5,51,5,32,14,64
Autre formation,DEUST,Accueil d'excellence en tourisme,236,172,236,123,46,21,0,0,0,0,30,29,0,25,11,4,10,23
Autre formation,Mention complémentaire,Accueil réception,2030,1520,1801,95,254,1184,228,5,30,93,340,180,37,170,5,139,26,162
Autre formation,DEUST,"Action, commercialisation des services sportifs",1132,212,1021,455,335,72,111,20,26,14,55,46,8,41,29,3,9,16
Autre formation,BPJEPS,Activités aquatiques et de la natation,1212,331,954,387,294,125,258,54,57,41,113,43,11,35,16,4,15,17
Autre formation,BPJEPS,Activités de la forme,3581,819,2888,1066,773,595,693,129,153,110,76,27,12,23,5,6,12,16
Autre formation,BPJEPS,Activités équestres,200,184,190,111,31,34,10,1,1,3,10,4,0,4,3,1,0,3
Autre formation,BPJEPS,Activités gymniques,35,24,34,15,11,2,1,0,1,0,5,0,0,0,0,0,0,0
Autre formation,BPJEPS,Activités gymniques forme et force,333,71,333,135,93,53,0,0,0,0,10,10,0,9,2,2,5,2
Autre formation,DEUST,"Activités physiques et sportives adaptées : déficiences intellectuelles, troubles psychiques",414,246,414,151,111,38,0,0,0,0,20,21,0,13,6,3,4,16
Autre formation,DEUST,Activités physiques et sportives et inadaptations sociales,380,184,380,146,93,56,0,0,0,0,20,23,0,14,6,3,5,13
Autre formation,BPJEPS,Activités physiques pour tous,4598,1009,4223,1447,1295,926,374,64,83,73,183,111,18,98,33,29,36,21
Autre formation,BPJEPS,Activités sports collectifs,1445,189,1363,448,463,305,82,10,26,12,22,15,0,9,2,3,4,0
Licence,Licence - Droit-économie-gestion,Administration économique et sociale,57672,33800,51164,32494,7547,1934,6454,954,1219,930,10622,6882,2502,6614,4194,808,1612,5198
Licence,Licence - Sciences humaines et sociales,Administration économique et sociale,8823,5287,8248,5289,1205,239,575,94,110,52,1102,936,257,822,580,67,175,655
Licence,Licence - Droit-économie-gestion,Administration et Echanges internationaux,14188,8934,9982,6820,1027,191,4206,1343,724,343,1070,932,106,783,676,5,102,674
Licence,Licence - Droit-économie-gestion,Administration publique,3432,1872,3211,2084,454,149,221,42,35,27,385,238,32,197,144,26,27,143
BTS,BTS - Production,Aéronautique,12721,1428,12719,4544,3792,1728,2,0,0,0,220,218,0,190,73,46,71,38
Autre formation,Mention complémentaire,Aéronautique - option avionique,177,10,164,6,2,145,13,0,0,11,36,23,3,26,0,26,0,1
Autre formation,Mention complémentaire,Aéronautique option avions à moteur à pistons,94,6,94,1,1,87,0,0,0,0,18,16,0,15,0,14,1,3
Autre formation,Mention complémentaire,Aéronautique option avions à moteur à turbines,650,27,645,6,3,591,5,0,0,5,90,73,0,70,0,70,0,3
Autre formation,Mention complémentaire,Aéronautique option hélicoptère moteur à turbines,269,17,269,3,1,245,0,0,0,0,44,32,0,32,0,32,0,0
Autre formation,Mention complémentaire,Agent de contrôle non destructif,17,1,15,0,0,14,2,0,0,1,15,7,0,7,0,7,0,0
Autre formation,Formations d'ingénieurs,Agroalimentaire,368,258,368,306,7,0,0,0,0,0,45,45,0,37,36,0,1,37
BTS,BTSA,Agronomie : Productions végétales,6375,1885,6187,1236,1627,989,188,30,17,33,729,509,46,448,117,122,209,129
BTS,BTS - Production,Aménagement finition,1109,294,1062,55,242,452,47,0,6,23,109,77,8,74,3,50,21,23
BTS,BTSA,Aménagements paysagers,7411,1802,7136,1073,1741,2204,271,34,54,70,1162,774,56,684,122,332,230,229
Autre formation,DEUST,Analyse des milieux biologiques,137,100,137,66,44,2,0,0,0,0,22,21,0,17,4,0,13,16
BTS,BTSA,"Analyse, conduite et stratégie de l'entreprise agricole",12116,4228,11884,1455,4417,4937,225,10,34,78,2455,1842,61,1785,194,903,688,666
BTS,BTSA,Analyses agricoles biologiques et biotechnologiques,6467,4302,6193,1631,2303,775,274,44,66,12,758,648,30,568,212,101,255,468
BTS,BTSA,Analyses agricoles biologiques et biotechnologiques pour Bac pro agricole : accéder à une école d'ingénieur,74,34,61,8,7,23,13,1,0,3,12,4,0,4,0,4,0,3
BTS,BTS - Services,Analyses de biologie médicale,29132,22582,28154,7741,11234,1343,976,95,244,76,1093,981,69,794,188,56,550,850
Autre formation,DN MADE,Animation,2626,1486,2522,1151,414,184,104,23,14,14,71,68,3,44,27,3,14,49
Autre formation,DEUST,"Animation et gestion des activités physiques, sportives ou culturelles",5797,1501,5463,2405,1588,603,332,84,79,34,394,329,30,272,114,44,114,105
Autre formation,DEUST,"Animation et gestion des activités sportives, physiques ou culturelles, parcours activités aquatiques",78,23,58,26,23,2,20,4,5,2,25,15,1,14,5,2,7,5
Autre formation,DEUST,"Animation et gestion des activités sportives, physiques ou culturelles, parcours activités de pleine nature",210,43,160,61,44,20,50,12,10,3,75,47,2,37,18,7,12,6
Autre formation,DEUST,"Animation et gestion des activités sportives, physiques ou culturelles, parcours agent de développement de club sportif",163,34,77,36,16,7,83,21,24,8,35,16,5,12,6,3,3,5
Autre formation,DEUST,"Animation et gestion des activités sportives, physiques ou culturelles, parcours animation",271,93,230,84,61,19,41,5,11,3,37,30,0,15,8,2,5,12
Autre formation,Mention complémentaire,Animation-gestion de projets dans le secteur sportif,1181,284,601,141,115,239,563,55,156,173,267,59,81,114,5,84,25,36
Autre formation,Année préparatoire,Année de Remise à Niveau Scientifique,504,274,422,213,79,40,82,13,14,9,128,47,8,44,24,6,14,29
Autre formation,Année préparatoire,Année de Réussite à Toulouse en Economie - Option économie gestion ou économie droit,219,107,161,130,8,4,56,14,6,13,60,36,12,43,40,0,3,24
Autre formation,Année préparatoire,Année préparatoire à l?École Nationale de la Marine Marchande - Officier 1ère classe,277,26,273,199,21,2,4,2,0,0,65,54,2,48,48,0,0,1
Autre formation,Année préparatoire,Année préparatoire à l?École Nationale de la Marine Marchande - Officier machine,45,3,33,12,9,2,12,5,2,0,24,5,5,8,2,0,6,0
Autre formation,Année préparatoire,Année préparatoire aux Etudes de Santé,922,756,693,376,152,62,228,59,66,32,80,60,5,65,35,13,17,55
Autre formation,Année préparatoire,Année Préparatoire aux Etudes Supérieures Scientifiques,547,255,318,216,19,6,227,83,15,15,180,43,31,55,46,0,9,31
Autre formation,Année préparatoire,Année Préparatoire aux Licences Mathématiques et Informatique (L0),15,5,12,6,2,0,3,1,0,0,20,1,0,1,1,0,0,0
BTS,BTSA,Aquaculture,1345,256,1314,236,343,380,31,6,5,4,198,159,4,142,28,80,34,21
Autre formation,Ecole d'architecture,Architecture,35959,20472,35823,21832,3475,1031,136,51,18,3,2537,2510,5,1877,1546,78,253,1602
BTS,BTS - Production,Architectures en Métal : conception et Réalisation,2272,260,2246,272,846,568,25,3,3,16,263,227,6,199,20,84,95,22
Autre formation,Année préparatoire,ARS Année de Remise à Niveau Scientifique,204,91,176,102,23,12,28,8,5,2,100,44,11,37,20,5,12,19
Autre formation,Diplôme des métiers d'Arts,Art du bijou et du joyau,263,202,234,49,62,18,29,7,3,5,39,15,1,5,1,0,4,14
Autre formation,Classe préparatoire aux études supérieures,Arts,2879,2101,2571,1706,263,196,306,89,40,47,269,223,18,210,183,11,16,178
Licence,Licence - Arts-lettres-langues,Arts,20228,13393,19121,11368,1822,724,1098,232,114,132,3431,2478,276,1888,1451,183,254,1877
Autre formation,Mise à niveau,Arts appliqués,14413,9834,13935,7306,1773,1871,478,117,59,69,965,800,109,689,518,94,77,657
Licence,Licence - Arts-lettres-langues,Arts du spectacle,32428,19498,31277,20427,2074,873,1147,221,138,141,4880,4197,430,3209,2660,199,350,2624
Autre formation,Diplôme des métiers d'Arts,Arts Graphiques Option Gravure,141,93,141,12,40,7,0,0,0,0,12,12,0,3,0,0,3,10
Autre formation,Diplôme des métiers d'Arts,Arts Graphiques Option Illustration,768,476,768,117,185,106,0,0,0,0,12,12,0,3,0,0,3,11
Autre formation,Diplôme des métiers d'Arts,Arts Graphiques Option Reliure Dorure,56,46,56,5,10,10,0,0,0,0,12,12,0,3,0,1,2,11
Licence,Licence - Arts-lettres-langues,Arts plastiques,12904,9635,12471,7329,1320,582,426,87,35,44,2409,2093,220,1615,1231,172,212,1676
Autre formation,Mention complémentaire,Assistance Conseil Vente à distance,330,195,246,3,15,202,76,4,9,42,162,38,14,52,2,48,2,33
BTS,BTS - Production,Assistance technique d'ingénieur,7070,1138,6759,949,2442,1563,305,27,94,60,649,521,41,480,71,190,219,63
Autre formation,Technicien supérieur,Assistant ingénieur en biologie-biochimie - biotechnologies,303,205,293,219,31,1,10,1,2,1,100,88,0,83,74,0,9,63
Autre formation,DEUST,Assistant juridique,434,359,346,153,98,25,88,4,20,9,30,12,5,10,8,0,2,15
BTS,BTS - Services,Assurance,27373,15512,25524,4661,8841,5785,1827,163,665,224,1457,995,147,866,198,217,451,695
Autre formation,DEJEPS,Athlétisme et disciplines associées,84,20,84,38,25,10,0,0,0,0,3,0,0,0,0,0,0,0
Autre formation,DEJEPS,Attelage canin,14,4,14,8,2,2,0,0,0,0,2,0,0,0,0,0,0,0
Autre formation,Année préparatoire,audiovisuel,622,234,622,347,81,53,0,0,0,0,20,20,0,16,16,0,0,13
Autre formation,BPJEPS,Aviron (BPJEPS),14,4,14,6,5,0,0,0,0,0,3,0,0,0,0,0,0,0
Autre formation,DEJEPS,Aviron (DEJEPS),14,3,14,11,2,1,0,0,0,0,2,0,0,0,0,0,0,0
CPGE,Classe préparatoire littéraire,B/L - Lettres et sciences sociales,30548,20085,30361,28024,26,7,187,118,1,4,1307,1191,16,1166,1166,0,0,841
Autre formation,Formations d'ingénieurs,bac ES,78,29,70,63,0,0,8,6,0,0,25,22,2,23,23,0,0,13
Autre formation,Formations d'ingénieurs,"bac ES,L",38,20,38,30,0,0,0,0,0,0,3,3,0,2,2,0,0,2
Autre formation,Formations d'ingénieurs,"bac ES,STI2D,STL,bac +1+2 S",33457,7547,33257,3784,15393,0,200,11,39,0,608,276,13,192,44,0,148,59
Autre formation,Formations d'ingénieurs,bac S,1615259,445252,1614909,1507638,1,0,348,241,0,0,14630,14101,41,13615,13615,0,0,4282
Autre formation,Formations d'ingénieurs,"Bac S,STAV,STL",296,176,272,218,10,0,24,14,1,0,100,99,2,86,85,0,1,71
Autre formation,Formations d'ingénieurs,"bac S,STI2D",1781,391,1745,1322,133,0,36,14,4,0,294,261,1,239,236,0,3,63
Autre formation,Formations d'ingénieurs,"bac S,STI2D,STL",34046,4645,33481,23048,6892,0,565,258,93,0,1657,564,86,582,455,0,127,109
Autre formation,Formations d'ingénieurs,"bac STAV, STL",111,34,108,0,105,0,3,0,2,0,22,21,0,21,0,0,21,5
Autre formation,Formations d'ingénieurs,"bac STAV,STI2D,STL",10,3,8,0,8,0,2,0,2,0,3,1,0,1,0,0,1,1
Autre formation,Formations d'ingénieurs,bac STI2D,38707,2299,38656,1,37179,0,51,0,31,0,531,388,1,382,0,0,382,27
Autre formation,Formations d'ingénieurs,"bac STI2D,STL",1455,141,1451,0,1361,0,4,0,1,0,87,85,1,85,0,0,85,12
Autre formation,Formations d'ingénieurs,bac STL,273,105,271,1,260,0,2,0,1,0,33,14,0,13,0,0,13,5
Autre formation,DEJEPS,Badminton,98,13,78,31,20,16,20,1,9,4,7,0,1,0,0,0,0,0
BTS,BTS - Services,Banque conseiller de clientèle,45407,24729,42505,8851,13933,9236,2885,255,898,445,1665,1324,147,1129,308,285,536,876
Autre formation,BPJEPS,Basket-ball,351,42,335,125,116,62,16,2,2,3,13,8,4,8,0,2,6,3
BTS,BTS - Production,Bâtiment,19497,2300,19091,2640,7436,4754,401,22,108,112,1247,1089,33,970,116,399,455,158
Autre formation,DEUST,Bâtiment et Construction,186,29,167,52,72,13,19,3,5,1,35,21,2,14,4,0,10,6
CPGE,Classe préparatoire scientifique,BCPST,65849,46009,65361,58430,271,14,488,322,8,7,3542,3394,30,3361,3359,1,1,2470
Autre formation,Ecole d'architecture,Bicursus Architecure Ingénieur EIVP,367,212,367,275,0,0,0,0,0,0,8,9,0,7,7,0,0,6
Autre formation,Ecole d'architecture,Bicursus Architecure Ingénieur ESTP,482,285,482,392,0,0,0,0,0,0,37,39,0,31,31,0,0,23
BTS,BTS - Production,Bioanalyses et contrôles,18696,12915,17529,5270,7074,826,1159,177,368,55,1133,909,117,822,264,47,511,713
Autre formation,DEUST,Bio-industries et biotechnologies,301,176,301,116,94,6,0,0,0,0,20,21,0,17,5,0,12,14
BTS,BTS - Production,Biotechnologie,12657,7750,12525,3485,5270,451,132,31,35,4,586,566,6,481,138,12,331,380
Autre formation,DEJEPS,BMX,10,1,10,3,3,2,0,0,0,0,1,0,0,0,0,0,0,0
Autre formation,Cadre Technique,Cadre technique génie de l'environnement marin,49,22,49,19,13,0,0,0,0,0,12,13,0,10,7,0,3,5
Autre formation,Cadre Technique,Cadre technique production et valorisation des ressources marines,34,17,34,20,6,0,0,0,0,0,12,11,0,10,8,0,2,7
Autre formation,BPJEPS,Canoë-Kayak,27,3,26,9,8,4,1,0,0,0,7,1,0,1,1,0,0,1
Autre formation,DEJEPS,Canoë-kayak et disciplines associées en eau vive,8,1,6,2,3,1,2,0,1,1,2,1,0,1,1,0,0,1
Autre formation,DEJEPS,Canyonisme,10,3,10,3,3,0,0,0,0,0,5,0,0,0,0,0,0,0
Autre formation,DU,Carrières juridiques,132,109,106,46,23,9,26,9,0,3,20,10,3,6,5,0,1,13
DUT,DUT - Service,Carrières juridiques,24986,18964,24448,12443,7414,814,535,98,99,34,1376,1290,54,1159,679,16,464,1104
DUT,DUT - Service,Carrières sociales Option animation sociale et socio-culturelle,11139,8356,10715,3352,3428,1100,421,38,147,39,844,800,33,513,256,54,203,628
DUT,DUT - Service,Carrières sociales Option assistance sociale,8046,7413,7810,2585,2742,752,236,15,118,3,259,250,6,200,115,9,76,242
DUT,DUT - Service,Carrières sociales Option éducation spécialisée,10583,9111,9904,3410,3298,796,679,66,196,96,243,230,7,140,82,7,51,212
DUT,DUT - Service,Carrières sociales Option gestion urbaine,3019,1867,2717,1210,597,115,301,50,35,40,376,289,35,212,144,4,64,213
DUT,DUT - Service,Carrières sociales Option services à la personne,2817,2525,2531,698,957,368,284,26,55,70,203,124,39,107,47,15,45,148
Autre formation,Technicien supérieur,Chargé de projet en aménagement durable du territoire,176,48,127,53,49,2,49,11,15,0,48,26,10,28,11,1,16,15
Autre formation,Formation en ingénierie,Chimie,1003,628,809,570,29,4,194,46,14,3,219,90,7,77,76,0,1,63
DUT,DUT - Production,Chimie,19499,11131,18958,12619,3036,70,539,88,119,14,1762,1605,45,1400,1092,0,308,984
Licence,Licence - Sciences - technologies - santé,Chimie,44219,25910,40509,28483,2782,213,3703,685,394,142,5792,2779,936,2234,1904,39,291,2005
Licence,Licence - Arts-lettres-langues,Cinéma,7231,3685,7231,4736,545,165,0,0,0,0,157,153,0,133,132,0,1,99
Autre formation,Diplôme des métiers d'Arts,Cinéma d'animation,2675,1610,2675,469,629,239,0,0,0,0,68,68,0,19,0,1,18,53
Autre formation,Année préparatoire,Classe d'approfondissement en arts plastiques,78,47,75,38,9,11,3,0,0,0,30,24,3,21,15,4,2,14
Autre formation,Année préparatoire,Classe de mise à niveau Cinéma-Audiovisuel,978,381,978,568,98,99,0,0,0,0,39,41,0,39,33,2,4,19
Autre formation,Année préparatoire,Classe de mise à niveau pour l'entrée en BTS et les poursuites d'études scientifiques,176,133,173,50,64,24,3,0,0,0,35,31,2,27,7,0,20,30
Autre formation,Classes préparatoires aux écoles du social,Classe préparatoire aux écoles des carrières sociales,5260,4625,5071,1679,1754,946,188,23,47,64,491,323,14,292,106,57,129,319
Autre formation,Classes préparatoires aux écoles paramédicales,Classe préparatoire aux écoles paramédicales,7712,6638,7505,2794,2822,1119,200,25,47,41,571,427,18,413,152,67,194,415
Autre formation,Classes préparatoires aux écoles paramédicales,Classe préparatoire en ergothérapie,78,66,68,38,20,7,10,1,1,1,120,3,0,3,1,0,2,2
Autre formation,"CUPGE - Sciences, technologie, santé",Classe Préparatoire Universitaire - Physique - Chimie,311,134,292,226,8,2,19,6,0,2,30,20,0,16,16,0,0,4
Autre formation,"CUPGE - Sciences, technologie, santé",Classe Préparatoire Universitaire Mathématiques - Physique - Informatique,444,116,417,328,16,3,27,3,3,2,32,21,1,19,19,0,0,12
Autre formation,Ecoles de commerce,Commerce,21830,9246,21219,13797,3329,625,596,180,105,49,2047,1052,137,970,775,20,175,549
BTS,BTS - Services,Commerce international à référentiel européen,122768,65969,114720,40162,33923,14100,8020,1123,2360,779,5897,4698,406,3968,1684,656,1628,3115
BTS,BTS - Services,Communication,81787,55211,78529,22062,23406,10445,3246,403,579,494,3520,2435,243,1926,816,346,764,1996
BTS,BTS - Services,Comptabilité et gestion,133097,64346,119468,25860,36915,26653,13514,1318,3725,2289,11353,8381,1121,7719,1632,2600,3487,4792
BTS,BTS - Production,Concepteur en art et industrie céramique,33,24,27,0,9,0,6,0,3,0,12,6,2,3,0,0,3,7
BTS,BTS - Production,Conception de processus de découpe et d'emboutissage,187,13,172,15,58,67,13,1,4,3,28,24,2,24,1,13,10,1
BTS,BTS - Production,Conception de produits industriels,15905,1143,15146,1692,8169,3006,751,71,213,154,1564,1334,83,1225,111,373,741,90
BTS,BTS - Production,Conception des processus de réalisation de produits (1ère année commune),7824,445,7271,451,3555,2683,539,37,202,117,1428,1046,133,1075,37,560,478,45
BTS,BTS - Production,Conception et industrialisation en construction navale,505,43,505,111,200,91,0,0,0,0,22,22,0,16,5,4,7,5
BTS,BTS - Production,Conception et industrialisation en microtechniques,4374,280,4147,512,1768,1280,220,15,98,26,645,494,34,483,45,198,240,34
BTS,BTS - Production,Conception et réalisation de carrosseries,1164,60,1143,107,402,420,21,1,5,0,148,106,5,99,1,69,29,7
BTS,BTS - Production,Conception et Réalisation de Systèmes Automatiques,17026,770,16376,1480,6840,5695,630,44,190,156,2357,1888,91,1819,109,903,807,67
BTS,BTS - Production,Conception et réalisation en chaudronnerie industrielle,3526,115,3464,187,925,1876,62,3,13,23,567,483,4,464,28,329,107,21
BTS,BTS - Production,Contrôle industriel et régulation automatique,4760,468,4338,504,1868,999,418,35,103,117,717,522,65,485,70,138,277,54
Autre formation,Année préparatoire,CPESIP (Cycle préparatoire aux Etudes Supérieures et à l'Insertion Professionnelle),1308,858,1088,126,408,454,219,20,39,85,240,108,55,154,1,147,6,99
Autre formation,"CUPGE - Sciences, technologie, santé",Cursus préparatoire aux concours des grandes écoles d'ingénieurs,1377,517,1306,928,46,11,71,19,2,6,30,13,10,13,13,0,0,7
Autre formation,CPES,Cycle pluridisciplinaire d?'enseignement supérieur - Humanités,931,699,931,813,5,4,0,0,0,0,40,40,0,38,38,0,0,35
Autre formation,CPES,Cycle pluridisciplinaire d'enseignement supérieur - Sciences,933,483,933,813,14,3,0,0,0,0,45,45,0,45,45,0,0,26
Autre formation,CPES,Cycle pluridisciplinaire d'enseignement supérieur - SESJ,1645,1069,1645,1495,4,6,0,0,0,0,65,65,0,63,63,0,0,46
Autre formation,CUPGE - Sciences humaines et sociales,Cycle préparatoire aux concours des Instituts d'Etudes Politiques de province (Camille Saint Saëns),830,543,830,782,8,1,0,0,0,0,40,45,0,45,45,0,0,37
Autre formation,CUPGE - Sciences humaines et sociales,Cycle préparatoire aux concours des Instituts d'Etudes Politiques de province (Val de Seine),521,326,521,486,6,2,0,0,0,0,32,41,0,41,41,0,0,26
Autre formation,"CUPGE - Sciences, technologie, santé",Cycle préparatoire aux écoles d'ingénieurs,3632,1385,3616,2880,0,0,16,0,0,0,75,65,0,51,51,0,0,25
Autre formation,Formations d'ingénieurs,Cycle préparatoire informatique,98,5,81,59,14,0,17,11,2,0,36,19,5,23,18,0,5,1
Autre formation,"CUPGE - Sciences, technologie, santé",cycle préparatoire ingénieur (matériaux),262,84,244,209,3,0,18,4,1,4,20,17,0,16,16,0,0,3
Autre formation,"CUPGE - Sciences, technologie, santé",Cycle préparatoire ingénieur technologies de l'information,431,96,431,354,14,3,0,0,0,0,48,48,0,48,48,0,0,4
Autre formation,Formations d'ingénieurs,Cycle préparatoire intégré,106,10,76,62,10,0,30,18,0,0,100,18,7,24,24,0,0,1
Autre formation,CUPGE - Arts Lettres Langues,Cycle Préparatoire Lettres  - Licence renforcée,150,126,141,120,2,2,9,0,1,5,40,20,0,19,19,0,0,18
Autre formation,"CUPGE - Sciences, technologie, santé","Cycle préparatoire Physique Chimie, parcours d'Excellence",213,96,171,134,6,0,42,6,7,1,60,18,1,18,18,0,0,7
Autre formation,"CUPGE - Sciences, technologie, santé",Cycle Universitaire de Préparation aux Grandes Ecoles Scientifiques,107,48,84,63,5,1,23,8,1,2,20,7,3,8,8,0,0,7
Autre formation,"CUPGE - Sciences, technologie, santé",Cycle Universitaire Préparatoire aux Grandes Ecoles,1832,664,1832,1442,55,16,0,0,0,0,126,123,0,104,104,0,0,44
Autre formation,"CUPGE - Sciences, technologie, santé",Cycle Universitaire Préparatoire aux Grandes Ecoles - Mathématiques et Physique,755,244,688,532,17,9,67,22,3,3,20,17,3,17,17,0,0,12
Autre formation,"CUPGE - Sciences, technologie, santé","Cycle universitaire préparatoire aux grandes écoles - Parcours Informatique, Mathématiques",175,43,132,101,4,0,43,11,2,1,28,7,0,6,6,0,0,2
Autre formation,"CUPGE - Sciences, technologie, santé",Cycle universitaire préparatoire aux grandes écoles - Parcours Sciences pour l'ingénieur,253,66,205,177,4,0,48,16,4,0,36,11,4,10,10,0,0,6
Autre formation,"CUPGE - Sciences, technologie, santé",Cycle universitaire préparatoire aux grandes écoles - Physique,263,61,202,155,1,4,61,16,5,2,30,18,6,18,18,0,0,7
Autre formation,"CUPGE - Sciences, technologie, santé",Cycle Universitaire Préparatoire aux Grandes Ecoles - Physique et Mathématiques,494,158,406,306,8,6,88,18,6,5,20,12,1,9,9,0,0,7
Autre formation,Diplôme des métiers d'Arts,Décor architectural A : Traitement plastique de la transparence (vitrail),61,50,61,3,15,4,0,0,0,0,7,7,0,0,0,0,0,6
Autre formation,Diplôme des métiers d'Arts,Décor architectural B : Décor du mur : Laque,43,34,43,4,11,3,0,0,0,0,6,6,0,1,0,0,1,5
Autre formation,Diplôme des métiers d'Arts,Décor architectural B : Décor du mur : Mosaïque / fresque,89,71,71,12,15,6,18,4,4,2,12,11,1,3,1,0,2,10
Autre formation,Diplôme des métiers d'Arts,Décor architectural C : Métal,95,47,95,9,19,2,0,0,0,0,7,7,0,1,0,0,1,4
Autre formation,Diplôme des métiers d'Arts,Décor architectural D : Matériaux de synthèse,110,90,110,10,24,2,0,0,0,0,12,12,0,1,0,0,1,8
Autre formation,Diplôme des métiers d'Arts,Décor architectural Option arts du verre et du cristal,79,57,79,10,28,7,0,0,0,0,12,9,0,3,0,0,3,9
BTS,BTS - Services,Design Communication - Espace - Volume,2208,1865,2075,0,814,273,129,0,30,24,245,165,21,93,0,32,61,164
BTS,BTS - Production,"Design de mode, textile et environnement opt : mode",3217,2739,3210,0,1062,609,7,0,2,0,196,198,2,89,0,22,67,167
BTS,BTS - Production,"Design de mode, textile et environnement, option textile et matériaux de surface",1389,1231,1347,0,522,169,42,0,17,14,107,99,7,56,0,12,44,90
BTS,BTS - Production,Design de produits,5355,2933,5203,0,2435,386,150,0,52,23,399,335,26,159,1,33,125,217
BTS,BTS - Production,Design d'espace,8556,6092,8375,0,3021,1256,181,0,70,28,380,338,23,156,0,42,114,304
BTS,BTS - Services,Design graphique option Communication et médias imprimés,9404,6857,9168,0,2686,1379,231,0,41,43,527,476,26,204,0,81,123,375
BTS,BTS - Services,Design graphique option Communication et médias numériques,7192,4274,6919,0,1641,1423,271,0,40,58,347,318,18,137,0,70,67,208
BTS,BTSA,Développement de l'agriculture des régions chaudes,360,118,327,62,82,83,30,2,4,13,84,61,4,55,15,26,14,18
BTS,BTS - Production,Développement et Réalisation Bois,2814,252,2753,371,761,1230,61,2,18,22,309,249,12,241,27,179,35,27
BTS,BTSA,"Développement, animation des territoires ruraux",3496,2218,3123,282,697,1326,360,28,59,147,805,466,79,465,29,324,112,397
BTS,BTS - Services,Diététique,22831,18740,21810,6123,6912,1379,1018,105,174,102,2216,879,163,544,218,41,285,885
Autre formation,DCG,Diplôme de Comptabilité et de Gestion,43187,20384,40665,21377,9374,621,2509,592,402,185,3642,2885,187,2560,1848,4,708,1555
Autre formation,Mise à niveau,Diplôme des métiers d'arts,203,119,202,73,27,43,1,0,0,0,30,26,0,15,11,4,0,17
Autre formation,Formations diplômantes du social,Diplôme d'état d'Assistant de service social,569,492,219,68,39,24,350,21,61,99,96,38,6,13,7,1,5,41
Autre formation,Formations diplômantes paramédicales,Diplôme d'état de manipulateur/trice en électroradiologie médicale,12990,10231,12871,3559,3618,315,119,18,12,1,653,654,9,337,178,1,158,539
Autre formation,Formations diplômantes paramédicales,Diplôme d'Etat de Technicien de Laboratoire Médical,284,218,244,109,54,6,40,3,6,1,64,54,0,43,32,0,11,42
Autre formation,Formations diplômantes du social,Diplôme d'état d'Educateur de Jeunes Enfants,187,174,183,38,32,9,4,0,0,1,47,41,0,13,7,1,5,41
Autre formation,Formations diplômantes du social,Diplôme d'état d'Educateur Spécialisé,289,234,261,71,59,31,28,3,1,11,43,33,0,13,8,2,3,28
Autre formation,Formations diplômantes du social,Diplôme d'état d'Educateurs Techniques Spécialisés,507,407,382,101,100,83,125,17,18,43,59,11,1,5,3,1,1,9
Autre formation,Formations diplômantes paramédicales,Diplôme d'Ostéopathe,337,203,323,204,27,7,14,0,0,1,10,5,0,5,5,0,0,4
Autre formation,DU,Diplôme d'université Collège de droit de la Sorbonne 1ère année,622,429,583,463,31,14,39,15,4,6,60,48,1,47,47,0,0,35
Licence,Licence - Droit-économie-gestion,Droit,258239,182350,240924,190040,16136,2917,17254,5003,2440,1227,46216,36122,4703,33651,29048,1080,3523,28571
Licence,Licence - Droit-économie-gestion / Arts-lettres-langues,Droit,771,642,762,681,6,2,9,2,1,0,190,182,5,163,161,0,2,151
Licence,Licence - Droit-économie-gestion / Sciences humaines et sociales,Droit,277,176,241,205,9,1,36,17,2,0,40,25,3,27,27,0,0,17
Licence,Licence - Droit-économie-gestion,Droit français - Droit étranger,3510,2674,3270,2811,93,11,239,63,37,26,386,343,20,306,300,1,5,276
Autre formation,Formations diplômantes paramédicales,DTS Imagerie médicale et radiologie thérapeutique,18262,14366,17649,4969,6270,585,612,88,66,41,790,745,32,530,237,0,293,633
Autre formation,DU,DU informatique,166,29,92,47,18,6,74,21,16,8,45,5,1,3,3,0,0,0
Autre formation,DU,DU PAREO,481,242,312,141,78,33,167,60,41,0,125,73,33,80,47,13,20,54
Autre formation,DU,DU préparant au BTS Opticien - Lunetier,135,84,111,62,17,8,24,4,3,6,35,8,1,6,6,0,0,4
Autre formation,DU,DU Préparation à l'enseignement supérieur,108,63,57,10,9,26,51,6,8,19,12,3,5,6,0,6,0,5
Autre formation,DU,DU Web Design et mutation numérique du journalisme (SupMédiaWeb),112,61,93,56,19,4,19,7,1,2,30,16,4,13,8,2,3,11
CPGE,Classe préparatoire économique et commerciale,ECE - Option économique,60390,33076,59015,54742,796,102,1364,775,151,65,4428,3379,78,3384,3383,1,0,2045
CPGE,Classe préparatoire littéraire,Ecole nationale des Chartes,837,587,837,732,2,1,0,0,0,0,130,123,0,118,118,0,0,87
Autre formation,Ecole supérieure d'art,Ecole supérieure d'art,2298,1558,2112,896,230,108,179,48,22,19,390,292,1,188,143,10,35,210
Autre formation,Formation en ingénierie,Economie,329,99,329,257,12,1,0,0,0,0,35,34,0,33,33,0,0,13
Licence,Licence - Droit-économie-gestion,Economie,39772,17379,37698,29083,1878,370,2063,478,330,194,4330,3409,620,3066,2742,92,232,1564
Autre formation,Formation en ingénierie,Economie et gestion,681,240,681,532,16,6,0,0,0,0,40,38,0,32,32,0,0,16
Licence,Licence - Droit-économie-gestion,Economie et gestion,146167,68986,135561,99765,11804,2259,10557,2335,1628,1075,16472,12430,2254,11117,9151,542,1424,6128
BTS,BTS - Services,Economie sociale familiale,60173,54368,57332,8803,15880,20534,2822,189,613,832,3954,3219,240,2795,484,1248,1063,3239
CPGE,Classe préparatoire économique et commerciale,ECS - Option scientifique,76848,36047,75603,66236,87,13,1244,833,31,22,4454,3482,67,3387,3387,0,0,1744
CPGE,Classe préparatoire économique et commerciale,ECT - Option technologique,8839,4258,8420,0,7766,206,416,0,310,6,1410,1105,38,1112,0,62,1050,576
BTS,BTS - Services,Edition,660,525,660,247,81,96,0,0,0,0,30,30,0,18,8,5,5,24
Autre formation,Formation en ingénierie,"Electronique, énergie électrique, automatique",924,172,785,479,54,21,139,48,11,4,129,46,17,47,46,0,1,22
Licence,Licence - Sciences - technologies - santé,"Electronique, énergie électrique, automatique",1823,219,1547,940,188,62,276,43,34,52,325,156,91,131,80,24,27,34
BTS,BTS - Production,Electrotechnique,38423,1199,36471,2312,9827,17595,1926,79,523,632,4277,3276,203,3096,149,1928,1019,74
CPGE,Classe préparatoire scientifique,ENS Cachan C,1058,846,1051,446,391,4,7,3,3,0,107,91,2,73,42,0,31,77
CPGE,Classe préparatoire économique et commerciale,ENS Cachan D2,8358,4476,8126,7341,191,14,232,110,21,15,682,605,21,592,586,0,6,325
CPGE,Classe préparatoire économique et commerciale,ENS Rennes D1,12443,8708,12377,11629,111,9,66,36,6,2,609,586,5,579,568,0,11,461
BTS,BTS - Production,Enveloppe des bâtiments : conception et réalisation,2276,291,2159,191,812,796,116,4,24,45,229,179,14,164,12,100,52,20
BTS,BTS - Production,Environnement nucléaire,1080,102,1065,178,475,276,15,2,7,1,72,61,3,57,8,29,20,8
Autre formation,DEJEPS,Escalade en milieu naturel,30,8,29,11,15,0,1,0,0,0,5,0,0,0,0,0,0,0
Autre formation,DN MADE,Espace,9738,7825,9426,3700,1985,920,312,74,59,44,319,302,12,234,130,13,91,262
BTS,BTS - Production,Etude et économie de la construction,8694,1489,8267,1117,2696,2842,422,26,133,76,844,750,43,681,92,338,251,176
BTS,BTS - Production,Etude et réalisation d'agencement,6602,3096,6447,1003,1682,2451,154,24,28,39,391,370,8,326,38,197,91,194
Licence,Licence - Arts-lettres-langues,Etudes culturelles,591,434,486,339,17,22,105,22,11,14,170,88,27,76,62,7,7,76
BTS,BTS - Services,Etudes et réalisation d'un projet de communication - 1ère année commune,2489,1044,2287,238,423,1100,194,21,20,57,460,429,23,382,39,286,57,188
Licence,Licence - Arts-lettres-langues,Etudes européennes et internationales,755,620,723,577,24,11,32,4,3,1,127,75,3,69,66,1,2,62
BTS,BTS - Production,Europlastics et composites à référentiel commun européen - option Conception d'Outillage,563,62,512,50,200,206,51,4,14,18,125,79,11,77,7,45,25,8
BTS,BTS - Production,Europlastics et composites à référentiel commun européen - option Pilotage et Optimisation de la production,675,63,595,42,196,292,80,8,31,20,221,113,16,117,7,79,31,10
Autre formation,DN MADE,Événement,2120,1793,1970,662,443,250,150,28,35,19,123,107,11,87,34,18,35,104
BTS,BTS - Production,"Fluide, énergie, domotique - option A génie climatique et fluidique",6368,166,6181,352,1844,3041,186,7,55,49,664,510,29,466,31,282,153,9
BTS,BTS - Production,"Fluide, énergie, domotique - option B froid et conditionnement d'air",3648,66,3478,113,778,2116,167,9,44,41,541,347,31,332,7,237,88,6
BTS,BTS - Production,"Fluide, énergie, domotique - option C domotique et bâtiment communicants",6614,199,6380,293,1893,3446,231,12,64,85,828,640,36,609,20,393,196,22
BTS,BTS - Production,Fonderie,367,32,333,36,141,70,34,1,10,10,86,54,12,55,3,28,24,7
BTS,BTS - Production,Forge,138,6,138,43,50,23,0,0,0,0,15,15,0,13,4,4,5,2
Autre formation,DEUST,Formation de base aux métiers du théâtre,231,150,230,148,17,17,1,0,0,0,45,42,0,33,31,0,2,35
Autre formation,Classes préparatoires aux écoles paramédicales,Formation préparatoire aux professions de santé (DUPPS),2181,1859,2005,749,737,274,176,17,42,38,300,249,50,246,79,49,118,252
Autre formation,Classe préparatoire aux études supérieures,Générale,409,202,360,250,17,18,49,22,6,4,54,34,2,36,36,0,0,19
DUT,DUT - Production,Génie biologique Option agronomie,9564,5209,9500,6375,1171,31,64,15,12,0,504,499,5,417,323,1,93,305
DUT,DUT - Production,Génie biologique Option analyses biologiques et biochimiques,35644,25589,35511,21088,7595,155,133,33,23,1,905,905,10,782,511,0,271,713
DUT,DUT - Production,Génie biologique Option bio-informatique,556,210,556,338,97,2,0,0,0,0,45,44,0,33,25,0,8,21
DUT,DUT - Production,Génie biologique Option diététique,10118,8069,10081,4958,2303,85,36,0,25,0,245,228,0,171,117,0,54,201
DUT,DUT - Production,Génie biologique Option génie de l'environnement,11058,5098,10725,7009,1725,61,333,66,86,4,559,517,33,479,374,1,104,277
DUT,DUT - Production,Génie biologique Option industries agroalimentaires et biologiques,13471,8675,13105,8232,2382,61,364,56,104,3,1100,1041,42,919,668,0,251,704
DUT,DUT - Production,Génie chimique génie des procédés,6088,2850,5642,3582,930,70,443,116,66,6,700,561,50,493,355,5,133,268
Autre formation,Formation en ingénierie,Génie civil,503,121,387,243,40,8,116,38,14,1,60,8,1,9,9,0,0,3
Licence,Licence - Sciences - technologies - santé,Génie civil,3185,686,2991,1959,438,31,191,26,38,24,528,275,70,247,182,10,55,47
DUT,DUT - Production,Génie civil - Construction durable,33723,5782,32944,18286,9570,541,777,193,181,33,2565,2400,86,2214,1373,26,815,482
DUT,DUT - Production,Génie civil Trinational,106,26,106,68,24,0,0,0,0,0,9,9,0,8,6,0,2,2
BTS,BTSA,génie des équipements agricoles,1287,65,1273,133,433,542,14,0,1,4,274,192,4,176,20,96,60,5
DUT,DUT - Production,Génie électrique et informatique industrielle,38088,2846,35967,20025,10399,1053,2108,389,587,84,4057,3456,277,3271,1893,59,1319,245
DUT,DUT - Production,Génie électrique et informatique industrielle - Trinational,110,12,110,70,23,2,0,0,0,0,11,12,0,11,8,0,3,1
DUT,DUT - Production,Génie industriel et maintenance,10142,726,9318,4022,3710,446,815,153,198,83,1176,873,81,824,396,27,401,63
DUT,DUT - Production,Génie mécanique et productique,50421,4270,49526,29365,12798,564,889,247,286,8,3709,3516,132,3116,1946,25,1145,272
DUT,DUT - Production,Génie mécanique et productique trinational,146,15,146,93,33,0,0,0,0,0,10,9,0,9,8,0,1,2
DUT,DUT - Production,Génie thermique et énergie,11953,1198,11476,5899,3763,157,477,81,139,10,1135,918,45,800,487,6,307,81
Autre formation,Formation en ingénierie,Géographie et aménagement,147,39,103,70,12,3,44,16,5,1,103,15,1,15,15,0,0,7
Licence,Licence - Sciences humaines et sociales,Géographie et aménagement,22447,10455,18047,12406,1247,348,4390,821,582,380,5855,2784,1161,2547,2010,176,361,1664
BTS,BTS - Production,Géologie appliquée,344,91,344,190,32,11,0,0,0,0,24,22,0,22,22,0,0,8
Autre formation,Technicien supérieur,Géomètre-Géomaticien,57,15,54,34,5,2,3,1,0,0,15,14,1,10,8,0,2,3
Licence,Licence - Droit-économie-gestion,Gestion,32991,16637,31179,22492,2767,470,1807,319,284,158,3899,3264,260,2789,2537,38,214,1782
DUT,DUT - Service,Gestion administrative et commerciale des organisations,20989,11654,20761,11065,6179,544,227,56,52,4,933,946,10,835,472,14,349,610
DUT,DUT - Service,Gestion administrative et commerciale des organisations - Arts,754,529,754,410,178,16,0,0,0,0,42,43,0,36,30,0,6,36
BTS,BTS - Services,Gestion de la PME,91980,60634,82036,7427,27102,30860,9824,566,3188,1874,8393,6117,854,5864,569,2878,2417,4932
DUT,DUT - Service,Gestion des entreprises et des administrations,155706,77803,151199,89345,38420,3126,4484,971,1315,190,9812,9259,334,8529,5687,45,2797,5312
BTS,BTSA,Gestion et maitrise de l'eau,3480,844,3161,618,1366,449,318,36,90,33,701,404,72,374,95,60,219,103
BTS,BTSA,Gestion et protection de la nature,14375,5505,13878,3420,3985,3202,492,53,74,90,1250,1136,55,901,285,312,304,483
BTS,BTSA,Gestion forestière,4003,667,3893,1038,1333,904,108,24,23,16,469,371,22,337,105,97,135,63
DUT,DUT - Service,Gestion logistique et transport,11903,3101,10493,4401,3092,974,1400,174,312,129,1496,1194,164,1095,589,96,410,386
Autre formation,Technicien supérieur,Gestionnaire d'unité commerciale,116,46,89,28,15,27,27,2,8,4,110,17,6,17,5,9,3,14
Autre formation,BPJEPS,Golf,32,4,31,19,6,2,1,0,0,0,7,0,0,0,0,0,0,0
Autre formation,DN MADE,Graphisme,16041,10878,15576,5519,3034,1722,462,93,103,61,518,494,16,358,159,39,160,414
Autre formation,Diplôme des métiers d'Arts,Habitat décors et mobiliers. Spécialité : décors et traitements de surfaces,51,42,36,7,8,5,15,5,1,0,3,1,0,0,0,0,0,1
Autre formation,Diplôme des métiers d'Arts,Habitat décors et mobiliers. Spécialité : Ebénisterie,621,285,595,56,85,34,26,1,3,4,77,65,0,2,0,2,0,23
Autre formation,Diplôme des métiers d'Arts,Habitat décors et mobiliers. Spécialité : Marqueterie,19,6,13,1,0,2,6,1,0,1,3,2,0,0,0,0,0,1
Autre formation,Diplôme des métiers d'Arts,Habitat décors et mobiliers. Spécialité : menuiserie en sièges,53,26,37,4,6,7,16,2,2,3,6,2,0,0,0,0,0,1
Autre formation,Diplôme des métiers d'Arts,Habitat décors et mobiliers. Spécialité : sculpture sur bois,29,14,29,1,4,4,0,0,0,0,3,3,0,0,0,0,0,3
Autre formation,Diplôme des métiers d'Arts,Habitat décors et mobiliers. Spécialité : tapisserie,22,17,19,3,3,1,3,0,1,0,4,0,0,0,0,0,0,0
Autre formation,Diplôme des métiers d'Arts,Habitat décors et mobiliers. Spécialité Restauration et conservation de mobilier,27,18,24,4,4,3,3,0,0,2,12,0,0,0,0,0,0,0
Autre formation,Diplôme des métiers d'Arts,Habitat Option décors et mobilier,82,70,82,17,23,18,0,0,0,0,12,9,0,2,0,1,1,9
Autre formation,Diplôme des métiers d'Arts,Habitat Option Ornement et Objets. Spécialité : Ciselure,11,7,11,2,0,1,0,0,0,0,2,0,0,0,0,0,0,0
Autre formation,Diplôme des métiers d'Arts,Habitat Option Ornement et Objets. Spécialité : conception application métal,28,16,18,1,4,2,10,1,2,1,3,2,0,0,0,0,0,1
Autre formation,Diplôme des métiers d'Arts,Habitat Option Ornement et Objets. Spécialité : gravure en modelé,10,8,5,0,1,0,5,1,0,1,2,1,0,0,0,0,0,1
Autre formation,Diplôme des métiers d'Arts,Habitat Option Ornement et Objets. Spécialité : gravure Ornementale,18,14,12,1,2,2,6,1,1,1,3,2,0,0,0,0,0,2
Autre formation,Diplôme des métiers d'Arts,Habitat Option Ornement et Objets. Spécialité : tournage d'art,14,5,14,2,2,1,0,0,0,0,2,2,0,0,0,0,0,0
Autre formation,DEJEPS,Handball,65,11,65,38,13,9,0,0,0,0,1,0,0,0,0,0,0,0
Autre formation,Formation en ingénierie,Histoire,32,9,24,20,1,0,8,1,1,1,20,5,0,5,5,0,0,0
Licence,Licence - Droit-économie-gestion / Sciences humaines et sociales,Histoire,123,68,113,107,1,0,10,3,0,0,40,32,0,30,30,0,0,16
Licence,Licence - Sciences humaines et sociales,Histoire,78897,39074,68417,48444,5280,1811,10465,1817,1566,1190,16943,9503,2829,8410,6345,748,1317,5244
Licence,Licence - Arts-lettres-langues,Histoire de l'art et archéologie,3603,2646,3205,2170,255,79,398,69,38,18,1037,502,124,392,307,27,58,457
Licence,Licence - Sciences humaines et sociales,Histoire de l'art et archéologie,18226,12866,15693,10063,1083,369,2528,333,224,195,4222,2227,786,1690,1397,114,179,2147
Autre formation,Formations d'ingénieurs,Horticulture-Paysage,200,113,200,157,13,0,0,0,0,0,47,47,0,39,36,0,3,28
Autre formation,Mise à niveau,Hôtellerie restauration,9896,5924,9388,4443,1637,907,502,67,76,84,1756,1098,86,865,528,110,227,726
Licence,Licence - Arts-lettres-langues,Humanités,6488,4733,5474,3982,237,115,1012,139,119,119,1494,742,246,639,542,40,57,714
Licence,Licence - Sciences humaines et sociales,Humanités,3735,2507,3189,2200,262,82,539,91,89,58,1083,452,161,413,312,32,69,382
DUT,DUT - Production,Hygiène Sécurité Environnement,9373,2730,9086,4805,2528,557,285,45,84,18,981,827,46,751,477,31,243,232
BTS,BTS - Production,Industries céramiques,67,21,67,9,32,5,0,0,0,0,15,14,0,10,1,0,9,5
DUT,DUT - Service,Information communication Option communication des organisations,20305,15311,20162,11994,3557,230,143,4,69,6,715,723,8,568,434,2,132,612
DUT,DUT - Service,Information communication Option information numérique dans les organisations,4278,2422,4137,2272,713,73,138,49,13,3,297,292,7,211,154,4,53,191
DUT,DUT - Service,Information communication Option journalisme,4247,2191,4247,2750,435,68,0,0,0,0,112,116,0,81,71,0,10,62
DUT,DUT - Service,Information communication Option métiers du livre et du patrimoine,4050,3315,4014,2046,325,132,36,0,20,0,425,423,0,272,238,7,27,352
DUT,DUT - Service,Information communication Option publicité,7175,5052,7175,4259,1209,107,0,0,0,0,284,285,0,225,162,3,60,230
Autre formation,Formation en ingénierie,Information et communication,61,32,44,34,1,0,17,7,0,1,18,7,2,6,6,0,0,5
Licence,Licence - Arts-lettres-langues,Information et communication,8110,5559,7530,5030,586,130,578,129,72,42,1905,1095,227,886,713,39,134,840
Licence,Licence - Sciences humaines et sociales,Information et communication,34989,24754,32944,22267,2326,419,2038,398,337,156,3697,2857,408,2371,2023,73,275,2207
Autre formation,Formation en ingénierie,Informatique,2639,412,2108,1529,158,20,531,168,78,18,373,147,9,135,135,0,0,27
DUT,DUT - Production,Informatique,80576,7286,79569,46246,20210,1504,1003,327,208,11,4440,4410,69,3929,2672,9,1248,408
Licence,Licence - Sciences - technologies - santé,Informatique,48800,7604,44078,30028,4672,640,4704,963,616,286,7402,4429,988,3845,3034,152,659,613
Autre formation,DEUST,Informatique d'Organisation des Systèmes d'Information,238,19,226,87,81,7,12,0,4,1,35,28,4,20,9,0,11,2
Autre formation,DN MADE,Innovation sociale,299,212,298,99,82,29,1,0,0,0,30,30,0,24,12,1,11,18
BTS,BTS - Production,Innovations textiles - Option A : Structures,100,46,100,11,33,34,0,0,0,0,15,14,0,12,1,7,4,9
BTS,BTS - Production,Innovations textiles - Option B : Traitements,72,47,72,4,28,23,0,0,0,0,15,8,0,7,3,0,4,6
Autre formation,Année préparatoire,Insertion à la Licence Scientifique (APILS),233,130,227,103,53,13,6,0,3,0,45,42,2,36,28,0,8,29
Autre formation,DN MADE,Instrument,88,38,88,28,9,4,0,0,0,0,12,12,0,0,0,0,0,4
Autre formation,DEUST,Intervention Sociale,487,421,465,124,198,40,22,1,8,4,70,56,7,36,4,9,23,53
Autre formation,BPJEPS,Judo-Jujitsu (BPJEPS),141,34,124,55,35,26,17,3,7,3,14,3,2,4,3,0,1,2
Autre formation,DEJEPS,Judo-Jujitsu (DEJEPS),29,5,29,9,5,7,0,0,0,0,2,2,0,1,1,0,0,0
Autre formation,Formation en ingénierie,Langues étrangères appliquées,64,40,54,37,10,1,10,0,4,1,20,9,0,8,8,0,0,8
Licence,Licence - Arts-lettres-langues,Langues étrangères appliquées,115746,85747,103668,69668,9685,3576,12059,2116,1600,1415,23408,15641,3583,13659,10376,1076,2207,13650
Licence,Licence - Arts-lettres-langues,"Langues, littératures & civilisations étrangères",1927,1447,1394,814,160,63,529,92,86,74,270,114,115,127,57,36,34,155
Licence,Licence - Arts-lettres-langues,"Langues, littératures & civilisations étrangères et régionales",106676,80910,89082,61215,5908,2711,17565,3078,1869,1745,34291,15975,5251,13796,11017,1085,1694,15363
CPGE,Classe préparatoire littéraire,Lettres,55851,41773,54836,50438,165,78,1008,505,26,48,6353,5212,84,5073,5069,1,3,4165
Licence,Licence - Arts-lettres-langues,Lettres,41788,33335,33672,24104,1076,753,8095,1444,575,713,12539,4742,2107,3979,3358,301,320,5390
Licence,Licence - Arts-lettres-langues / Sciences humaines et sociales,Lettres,235,171,203,157,8,6,32,8,9,2,30,16,4,14,12,1,1,14
Licence,Licence - Arts-lettres-langues,"Lettres, langues",1923,1595,1686,1241,55,46,237,56,21,36,295,177,41,152,132,15,5,186
Licence,Licence - Droit-économie-gestion,Licence intégrée franco-allemande en droit,123,89,81,68,2,2,42,12,2,4,40,7,1,7,7,0,0,7
Autre formation,Classe préparatoire aux études supérieures,Littéraire,346,218,297,255,8,3,49,25,1,4,75,53,5,57,57,0,0,38
Autre formation,DN MADE,Livre,1095,863,989,295,208,29,106,27,14,21,42,37,4,26,16,0,10,38
Autre formation,BPJEPS,Lutte et disciplines associées,13,1,13,5,3,3,0,0,0,0,2,0,0,0,0,0,0,0
Autre formation,Mention complémentaire,Maintenance des installations oléohydrauliques et pneumatiques,74,1,69,1,0,64,5,0,0,5,57,10,2,12,0,12,0,0
BTS,BTS - Production,Maintenance des matériels de construction et de manutention,694,19,672,22,96,412,21,1,1,12,123,74,4,73,0,66,7,2
BTS,BTS - Production,Maintenance des systèmes - option A Systèmes de production,18143,860,17238,626,4405,9325,891,41,207,356,2193,1650,125,1624,46,1071,507,51
BTS,BTS - Production,Maintenance des systèmes - option B Systèmes énergétiques et fluidiques,2154,40,2108,62,395,1342,45,0,12,18,235,176,4,163,2,127,34,1
BTS,BTS - Production,Maintenance des systèmes - option C Systèmes éoliens,1432,31,1384,59,625,507,48,1,22,5,111,97,6,91,2,44,45,2
BTS,BTS - Production,Maintenance des véhicules option motocycles,948,24,947,105,313,404,1,0,1,0,64,51,0,48,8,31,9,2
BTS,BTS - Production,Maintenance des véhicules option véhicules de transport routier,800,18,785,36,138,423,13,1,0,7,128,96,1,80,3,64,13,0
BTS,BTS - Production,Maintenance des véhicules option voitures particulières,8846,379,8741,688,1753,4846,103,5,17,46,952,810,17,759,58,564,137,43
Autre formation,DEUST,"Maintenance hôtelière, hospitalière et immobilière",69,20,52,19,13,18,17,2,6,3,30,13,0,12,2,6,4,0
BTS,BTS - Services,Management des unités commerciales,220440,105621,207620,29500,73396,64104,12696,930,3667,2775,12589,9920,704,9179,1284,4222,3673,5686
BTS,BTS - Services,Management en hôtellerie restauration,18123,9202,17895,0,6743,7066,218,0,65,91,3832,3214,46,2316,0,1083,1233,1685
Autre formation,Mention complémentaire,Maquettes et prototypes,93,36,91,1,6,45,2,0,0,1,28,21,0,6,0,6,0,8
Autre formation,DN MADE,Matériaux,1006,698,898,253,283,63,107,25,19,15,117,88,12,68,26,5,37,73
Autre formation,"CUPGE - Sciences, technologie, santé",Mathématique - Préparation aux écoles d'ingénieurs,677,216,677,538,17,9,0,0,0,0,40,38,0,38,38,0,0,19
Autre formation,Formation en ingénierie,Mathématiques,615,172,492,385,8,1,123,52,6,0,142,19,6,17,17,0,0,11
Licence,Licence - Droit-économie-gestion / Sciences - technologies - santé,Mathématiques,511,221,378,306,10,1,133,37,9,3,40,21,3,17,17,0,0,13
Licence,Licence - Sciences - technologies - santé,Mathématiques,64580,19646,58348,45738,1829,250,6222,1521,591,243,10326,4695,1316,3989,3571,103,315,1827
Licence,Licence - Sciences - technologies - santé,Mathématiques et informatique appliquées aux sciences humaines et sociales,19886,7714,18942,14144,796,97,943,194,79,45,2301,1409,217,1169,1090,19,60,703
Licence,Licence - Sciences humaines et sociales,Mathématiques et informatique appliquées aux sciences humaines et sociales,4150,2145,4032,2782,251,49,118,16,16,5,360,541,40,383,328,11,44,285
Autre formation,"CUPGE - Sciences, technologie, santé",Mathématiques Physique Préparation Concours,265,87,265,180,11,5,0,0,0,0,10,8,0,2,2,0,0,4
Licence,Licence - Sciences - technologies - santé,"Mathématiques, physique, chimie, informatique",1202,326,1202,981,30,4,0,0,0,0,25,29,0,29,29,0,0,8
Autre formation,Mention complémentaire,Mécanicien en compétition automobile - Option monoplace,27,0,27,0,1,24,0,0,0,0,12,11,0,10,0,10,0,0
Autre formation,Formation en ingénierie,Mécanique,1376,309,999,696,59,11,377,161,33,8,202,68,8,60,58,0,2,29
Licence,Licence - Sciences - technologies - santé,Mécanique,2868,430,2762,2032,279,22,106,17,10,4,300,198,25,157,139,3,15,28
Autre formation,Mention complémentaire,Mécatronique navale,158,9,129,2,5,116,27,0,4,17,66,40,5,44,0,40,4,2
Autre formation,Année préparatoire,Méd. Bio. Pass,55,38,47,32,2,1,8,2,2,0,40,16,0,12,12,0,0,11
Autre formation,DEUST,"Médiations citoyennes : éducation, culture, social, environnement",226,164,226,76,57,36,0,0,0,0,45,45,0,30,14,9,7,31
DUT,DUT - Production,Mesures physiques,25196,4962,24335,18235,2473,39,856,220,159,11,2512,2225,111,1956,1695,0,261,471
BTS,BTS - Production,Métiers de la chimie,9250,5008,9050,2734,3321,631,196,26,59,10,831,746,26,622,187,66,369,428
Autre formation,DEUST,Métiers de la cohésion sociale,287,239,186,52,71,19,101,6,30,17,30,6,4,5,2,0,3,8
BTS,BTS - Services,Métiers de la coiffure,721,571,647,100,184,196,74,3,10,28,110,45,9,34,7,12,15,45
Autre formation,DEUST,Métiers de la forme,3959,812,3712,1397,1039,414,244,54,53,34,177,140,20,80,47,4,29,55
BTS,BTS - Production,Métiers de la mode-chaussure et maroquinerie,1081,893,1080,169,155,474,1,1,0,0,93,80,1,63,8,46,9,74
BTS,BTS - Production,Métiers de la mode-vêtements,10189,8629,10052,1621,1696,4490,137,12,33,43,707,665,11,577,90,420,67,613
Autre formation,DEUST,"Métiers de l'animation sociale, socio-éducative et socio-culturelle",191,117,131,41,36,15,60,5,10,10,22,7,16,7,2,3,2,15
BTS,BTS - Services,Métiers de l'audio-visuel opt : gestion de la production,5975,2567,5975,2576,991,561,0,0,0,0,163,160,0,123,89,19,15,96
BTS,BTS - Services,Métiers de l'audio-visuel opt : métiers de l'image,13885,4363,13817,5974,2202,1444,68,24,0,0,131,129,1,104,66,23,15,61
BTS,BTS - Services,Métiers de l'audio-visuel opt : métiers du son,12123,1658,12062,4554,2638,1444,61,27,0,0,160,155,0,134,77,26,31,33
BTS,BTS - Services,Métiers de l'audio-visuel opt : montage et post-production,14609,3571,14606,5849,2510,1435,0,0,0,0,158,170,0,136,95,26,15,75
BTS,BTS - Services,Métiers de l'audio-visuel opt : techn. d'ingeniérie et exploit. équipements,3169,446,3163,966,901,501,5,0,3,0,171,170,0,140,58,33,49,32
BTS,BTS - Services,Métiers de l'eau,2437,731,2298,418,1065,324,138,3,42,25,325,237,17,188,50,42,96,70
BTS,BTS - Services,Métiers de l'esthétique-cosmétique-parfumerie,13987,13750,13543,2619,4402,3988,443,60,107,78,1183,921,42,798,137,433,228,955
Autre formation,DEUST,Métiers des bibliothèques et de la documentation,153,109,137,49,12,6,16,0,2,2,40,26,0,9,7,0,2,18
BTS,BTS - Services,Métiers des Services à l'environnement,2452,1017,2259,351,657,519,191,8,40,49,317,235,28,199,19,102,78,114
BTS,BTS - Production,Métiers du géomètre-topographe et de la modélisation numérique,3928,549,3819,1052,976,977,109,6,39,10,417,333,23,304,104,119,81,60
Autre formation,DEUST,Métiers du livre,110,84,110,46,10,8,0,0,0,0,13,12,0,5,4,0,1,8
DUT,DUT - Production,Métiers du multimédia et de l'internet,39298,9937,38673,18575,10236,1068,621,163,93,39,1942,1935,36,1527,965,28,534,661
Autre formation,DU,Métiers du sport,151,43,118,61,23,16,33,10,10,5,14,5,1,6,3,1,2,1
Autre formation,Année préparatoire,Mise à niveau en sciences et technologies,436,252,340,148,87,26,91,17,19,10,75,14,17,22,9,3,10,22
Autre formation,Année préparatoire,Mise à niveau scientifique,1110,676,946,384,248,90,164,33,36,14,160,117,10,105,43,9,53,91
Autre formation,DN MADE,Mode,5482,4362,5482,1953,1027,757,0,0,0,0,112,115,0,77,33,12,32,84
BTS,BTS - Production,Moteur à combustion interne,2057,83,2009,340,636,740,47,7,18,1,199,176,4,158,26,78,54,7
Autre formation,DEJEPS,Motocyclisme,26,1,22,9,11,0,4,0,2,1,2,0,0,0,0,0,0,0
CPGE,Classe préparatoire scientifique,MPSI,173599,47970,171286,142369,326,40,2310,1288,39,10,8729,7963,125,7810,7809,0,1,2001
Licence,Licence - Arts-lettres-langues,Musicologie,8873,4004,7648,4820,754,234,1221,219,137,81,2477,1553,273,1198,937,63,198,743
Autre formation,DEJEPS,Natation,25,3,25,9,10,2,0,0,0,0,2,1,0,1,0,0,1,1
BTS,BTS - Services,Négociation et digitalisation de la Relation Client,140769,64924,134494,16129,51880,42111,6140,525,1734,1476,8426,6787,362,6270,788,2783,2699,3646
BTS,BTS - Services,Notariat,18877,13784,17701,5000,5389,1862,1170,138,231,141,1529,962,113,748,351,88,309,909
Autre formation,DN MADE,Numérique,2797,1588,2749,1050,496,334,45,10,6,8,139,146,1,113,58,16,39,94
Autre formation,DN MADE,Objet,7333,4514,6904,2221,1644,573,425,103,76,62,517,484,21,302,119,51,132,348
Autre formation,Bachelor,Océanographe - Prospecteur,34,14,34,22,5,0,0,0,0,0,12,13,0,10,9,0,1,4
BTS,BTS - Services,Opticien-Lunetier,8818,6183,8612,2945,2240,1287,205,41,28,17,856,686,53,551,266,147,138,529
Autre formation,Diplôme des métiers d'Arts,Option costumier réalisateur,589,544,589,34,102,82,0,0,0,0,37,41,0,7,0,2,5,36
CPGE,Classe préparatoire économique et commerciale,Option économique - Prépa St Cyr,1911,501,1911,1617,18,2,0,0,0,0,135,134,0,122,122,0,0,47
CPGE,Classe préparatoire littéraire,Option lettres et sciences humaines (St Cyr),960,336,943,775,6,0,17,10,0,0,85,79,0,78,78,0,0,26
Autre formation,Mention complémentaire,Organisateur de réception,625,436,542,16,96,358,81,5,17,31,174,87,5,79,0,67,12,69
Autre formation,DN MADE,Ornement,138,125,120,39,18,5,18,5,0,3,18,16,1,8,4,2,2,15
PACES,Licence - Sciences - technologies - santé,"PACES - Médecine, Pharmacie, Odontologie (dentiste), Maïeutique (sage-femmes)",220090,150426,212310,176758,7885,1872,7698,1998,1101,734,47915,39755,1931,37386,35241,543,1602,28851
DUT,DUT - Production,"Packaging, emballage et conditionnement",1499,782,1423,644,557,34,76,11,37,2,186,180,5,166,109,0,57,106
Autre formation,"CUPGE - Sciences, technologie, santé",Parcours mathématiques-physique,920,267,859,669,29,8,61,17,7,8,30,17,4,17,17,0,0,5
Autre formation,"CUPGE - Sciences, technologie, santé",Parcours physique-chimie,548,255,400,281,18,7,148,46,11,8,30,10,5,10,10,0,0,5
Autre formation,"CUPGE - Sciences, technologie, santé",Parcours scientifique renforcé,653,192,641,502,14,6,12,6,0,2,36,31,0,27,27,0,0,7
Autre formation,DN MADE,Patrimoine,93,63,62,8,20,3,31,6,10,2,23,13,4,6,2,0,4,11
Autre formation,Ecole d'architecture,Paysage,517,279,480,232,43,23,37,17,4,0,95,86,1,53,44,3,6,50
Autre formation,Diplôme d'établissement,Paysagiste concepteur,7,5,0,0,0,0,7,5,0,2,30,0,0,0,0,0,0,0
CPGE,Classe préparatoire scientifique,PCSI,149952,49389,147780,123479,186,17,2169,1294,50,25,9152,7936,167,7696,7694,0,2,2605
Autre formation,Année préparatoire,PCSO : Préparation aux cursus scientifiques d'Orsay,657,414,657,314,168,34,0,0,0,0,120,127,0,109,74,1,34,90
Autre formation,Mention complémentaire,Peinture décoration,12,7,9,0,0,8,3,0,2,0,12,2,0,2,0,2,0,0
Licence,Licence - Arts-lettres-langues,Philosophie,925,570,736,501,57,12,189,29,23,21,187,76,34,57,45,3,9,58
Licence,Licence - Sciences humaines et sociales,Philosophie,20889,12802,17124,11655,880,223,3763,686,411,260,3907,1605,832,1292,1060,73,159,1322
BTS,BTS - Services,Photographie,3978,2645,3933,1614,683,527,45,4,4,12,189,179,8,124,82,25,17,123
Autre formation,Formation en ingénierie,Physique,1061,316,870,637,17,3,190,70,11,5,167,57,9,52,52,0,0,28
Licence,Licence - Sciences - technologies - santé,Physique,25105,8003,22942,17210,792,74,2159,460,206,68,3988,1724,496,1397,1233,33,131,607
Autre formation,Formation en ingénierie,"Physique, chimie",359,134,269,206,9,0,90,27,4,0,147,16,4,17,17,0,0,9
Licence,Licence - Sciences - technologies - santé,"Physique, chimie",19627,7949,16907,12636,919,80,2713,645,308,65,2696,1220,487,1096,942,22,132,643
BTS,BTS - Production,Pilotage des procédés,817,202,705,54,233,292,112,5,26,35,171,123,28,119,7,73,39,44
BTS,BTS - Services,Podo-orthésiste,434,297,434,83,189,12,0,0,0,0,38,37,0,19,8,2,9,18
Autre formation,DN MADE,Portail,1143,838,1143,401,257,160,0,0,0,0,90,88,0,58,27,10,21,73
Autre formation,DEUST,"Pratique et gestion des activités physiques, sportives et de loisirs pour les publics séniors",158,66,152,48,40,19,6,0,0,2,20,20,1,12,5,2,5,12
Autre formation,Année préparatoire,Préparation au concours IEP,1163,774,1163,1098,14,1,0,0,0,0,72,83,0,83,83,0,0,64
Autre formation,Classes préparatoires aux écoles du social,Préparation aux concours d'entrée des écoles d'Assistant de service social,190,170,141,45,40,29,49,5,11,20,31,1,2,1,1,0,0,2
Autre formation,Classes préparatoires aux écoles paramédicales,Préparation aux concours d'entrée des écoles de Kinésithérapeute,227,149,191,134,30,15,36,7,8,5,360,3,0,3,1,2,0,1
Autre formation,Classes préparatoires aux écoles paramédicales,Préparation aux concours d'entrée des écoles de Psychomotricité,358,322,308,166,44,12,50,11,4,5,150,16,2,15,13,0,2,17
Autre formation,Classes préparatoires aux écoles paramédicales,Préparation aux concours d'entrée des écoles de Soins Infirmiers,20789,18319,20172,7783,7841,2580,610,82,184,129,1776,1262,60,1240,399,195,646,1193
Autre formation,Classes préparatoires aux écoles du social,Préparation aux concours d'entrée des écoles d'Educateur de Jeunes Enfants,423,368,363,138,109,76,60,6,13,21,61,16,0,15,10,2,3,15
Autre formation,Classes préparatoires aux écoles du social,Préparation aux concours d'entrée des écoles d'Educateur spécialisé,608,508,529,185,181,91,79,9,17,29,82,29,4,29,17,1,11,28
Autre formation,Classes préparatoires aux écoles paramédicales,Préparation aux concours d'entrée des écoles d'Orthophonie,1417,1355,1361,997,74,11,56,15,10,4,77,53,2,47,46,0,1,55
Autre formation,Classes préparatoires aux écoles paramédicales,Préparation aux concours d'entrée en écoles d'audioprothésiste,121,83,108,66,11,2,13,0,2,1,30,7,1,6,6,0,0,4
Autre formation,Classes préparatoires aux écoles paramédicales,Préparation aux concours d'entrée en écoles d'orthoptiste,166,143,144,81,14,4,22,4,4,4,30,8,1,6,6,0,0,8
Autre formation,CUPGE - Droit-économie-gestion,"Préparation aux concours des écoles de commerce, Parcours Economie- Finance",839,393,838,760,8,2,1,1,0,0,95,95,0,93,93,0,0,44
Autre formation,CUPGE - Droit-économie-gestion,"Préparation aux concours des écoles de commerce, Parcours Gestion",761,411,757,690,6,0,4,1,1,0,95,92,1,91,91,0,0,59
Autre formation,Classes préparatoires aux écoles paramédicales,Préparation aux concours paramédicaux,7311,6322,6864,3242,1915,568,446,63,92,101,390,263,23,245,108,21,116,260
Autre formation,Année préparatoire,"Préparation concours écoles de cinéma, photo, image (PREP'ARTS)",173,88,166,114,15,6,7,5,0,2,45,30,0,18,18,0,0,13
Autre formation,"CUPGE - Sciences, technologie, santé",Prep'ISIMA,296,54,252,206,16,0,44,9,5,1,24,17,1,16,15,0,1,2
BTS,BTSA,Production horticole,2153,841,2043,259,313,628,100,3,14,18,539,276,34,231,33,149,49,141
Autre formation,DEUST,"Production, contrôles et qualité des produits de santé",138,110,138,49,26,10,0,0,0,0,15,14,0,9,3,2,4,11
BTS,BTSA,productions animales,7920,5247,7688,2170,3110,1612,230,21,63,56,997,804,29,771,260,152,359,574
BTS,BTSA,productions animales pour Bac pro agricole : accéder à une école d'ingénieur,54,27,48,5,4,36,6,1,1,2,12,6,0,6,0,6,0,4
BTS,BTS - Services,Professions immobilières,50817,28547,49904,13706,16236,9431,900,51,316,168,1439,1334,37,1139,413,261,465,904
BTS,BTS - Services,Prothésiste dentaire,2232,1493,2227,517,533,500,5,0,0,1,68,57,1,53,1,51,1,33
BTS,BTS - Services,Prothésiste orthésiste,3149,2188,3149,831,984,55,0,0,0,0,123,125,0,67,34,4,29,86
Licence,Licence - Sciences humaines et sociales,Psychologie,121784,98665,117252,68677,13583,3615,4523,799,449,251,18300,16112,1392,11884,9114,763,2007,14254
CPGE,Classe préparatoire scientifique,PTSI,34795,6159,33961,28870,264,9,833,411,44,14,3128,2658,75,2554,2553,0,1,422
BTS,BTS - Production,Qualité dans les industries alimentaires et les bio-industries,2462,1536,2362,349,1076,320,98,13,33,17,283,226,21,189,34,33,122,160
DUT,DUT - Production,"Qualité, logistique industrielle et organisation",6444,1668,5836,2884,1739,266,604,107,195,36,1016,873,88,779,460,30,289,252
Autre formation,Diplôme des métiers d'Arts,Régie de spectacle Option lumière,503,151,503,113,97,133,0,0,0,0,40,40,0,25,15,7,3,15
Autre formation,Diplôme des métiers d'Arts,Régie de spectacle Option son,736,142,736,251,175,95,0,0,0,0,40,40,0,28,16,3,9,12
DUT,DUT - Production,Réseaux et télécommunications,15714,1197,14769,7187,4948,687,940,174,241,66,1579,1382,112,1294,709,40,545,70
Autre formation,Titre professionnel,Responsable technique en bâtiment et travaux publics,52,9,52,11,12,15,0,0,0,0,20,20,0,14,8,4,2,6
Autre formation,DEJEPS,Rugby à XV,172,12,172,58,65,28,0,0,0,0,3,2,0,1,0,0,1,1
Autre formation,DEUST,"Santé, environnement : techniques industrielles et commerciales",250,159,140,71,35,8,109,15,22,12,30,6,17,10,7,0,3,16
DUT,DUT - Production,Science et génie des matériaux,6457,1058,6166,4029,1289,19,290,60,79,16,589,518,28,467,360,0,107,98
DUT,DUT - Production,Science et génie des matériaux - arts appliqués,295,132,287,152,90,2,8,2,0,1,42,35,1,32,25,0,7,17
Licence,Licence - Droit-économie-gestion,Science politique,25298,15025,24297,18722,540,136,1001,306,110,56,2260,1528,191,1305,1241,21,43,985
Licence,Licence - Sciences humaines et sociales,Science politique,1060,584,1004,708,43,15,56,13,2,2,125,108,22,90,83,3,4,66
Autre formation,Formation en ingénierie,Sciences de la terre,441,158,332,253,7,2,109,38,10,1,213,42,4,43,43,0,0,16
Licence,Licence - Sciences - technologies - santé,Sciences de la terre,11156,5820,9447,6760,430,57,1707,360,171,74,1742,798,270,685,609,11,65,465
Autre formation,Formation en ingénierie,Sciences de la vie,1871,1147,1615,1153,53,3,256,63,20,4,312,129,12,120,117,0,3,96
Licence,Licence - Sciences - technologies - santé,Sciences de la vie,90021,61499,84019,57916,5404,286,5985,1333,580,133,15593,9525,1487,7336,6488,73,775,7132
Autre formation,Formation en ingénierie,Sciences de la vie et de la terre,380,176,300,226,13,2,80,25,7,1,122,40,4,40,39,0,1,26
Licence,Licence - Sciences - technologies - santé,Sciences de la vie et de la terre,28850,19323,27598,18863,1613,126,1249,266,131,35,4130,3144,423,2434,2148,28,258,2227
Autre formation,"CUPGE - Sciences, technologie, santé",Sciences de la Vie et de la Terre : préparation aux concours B Agro et Véto (Sites Saint Charles),755,566,661,503,32,11,94,34,5,6,25,11,12,16,16,0,0,16
Licence,Licence - Sciences humaines et sociales,Sciences de l'éducation,41311,36313,40865,23560,5404,1097,443,82,51,24,4655,4279,129,3281,2424,157,700,4004
Licence,Licence - Sciences humaines et sociales,"Sciences de l'Homme, Anthropologie, Ethnologie",5944,4164,5506,3593,220,58,438,70,37,26,912,846,102,562,506,24,32,609
Licence,Licence - Arts-lettres-langues,Sciences du langage,5290,4359,4543,2923,192,48,745,131,82,45,1125,752,200,540,465,14,61,742
Licence,Licence - Arts-lettres-langues / Sciences humaines et sociales,Sciences du langage,463,389,357,235,7,3,106,20,9,8,151,64,32,44,36,2,6,80
Licence,Licence - Sciences humaines et sociales,Sciences du langage,9711,8560,8006,4978,475,91,1701,323,179,116,2565,1415,531,1098,903,49,146,1734
Autre formation,Classe préparatoire aux études supérieures,Sciences économiques,237,94,203,175,6,4,34,12,4,7,40,31,4,35,35,0,0,12
Licence,Licence - Sciences - technologies - santé,Sciences et Humanités,672,431,672,406,67,21,0,0,0,0,60,59,0,36,33,1,2,30
Autre formation,Formation en ingénierie,Sciences et Techniques des Activités Physiques et Sportives,125,31,104,70,5,1,21,8,0,1,15,8,1,8,8,0,0,3
Licence,Licence - Sciences - technologies - santé,Sciences et Techniques des Activités Physiques et Sportives,108019,33077,106467,73867,13524,2693,1495,397,256,130,16869,15905,456,13856,11196,473,2187,5010
Licence,Licence - Sciences humaines et sociales,Sciences et Techniques des Activités Physiques et Sportives,27077,8087,26197,17212,3368,734,871,239,183,75,2823,2800,16,2446,2114,54,278,944
Licence,Licence - STAPS,Sciences et Techniques des Activités Physiques et Sportives,8815,2632,8733,6295,922,189,82,25,13,4,990,944,26,851,729,30,92,320
Autre formation,Formation en ingénierie,Sciences et technologies,59,8,51,38,1,0,8,1,2,0,12,6,0,6,6,0,0,0
Licence,Licence - Sciences - technologies - santé,Sciences et technologies,33670,14986,32598,23011,1479,129,1067,263,118,41,3347,2956,231,2111,1925,29,157,1493
BTS,BTSA,Sciences et technologies des aliments spécialité Aliments et processus technologiques,2730,1555,2443,358,911,544,282,16,76,55,684,384,60,337,58,113,166,241
BTS,BTSA,Sciences et technologies des aliments spécialité Produits céréaliers,76,31,71,8,15,28,5,0,1,2,16,11,1,6,0,5,1,3
BTS,BTSA,Sciences et technologies des aliments spécialité Produits laitiers,501,286,486,95,165,106,14,2,4,3,94,74,6,61,20,14,27,49
BTS,BTSA,Sciences et technologies des aliments spécialité Viandes et produits de la pêche,111,32,110,21,38,17,1,0,1,0,18,13,0,9,4,1,4,4
Autre formation,Formation en ingénierie,Sciences pour la santé,112,81,88,56,2,0,24,6,4,0,40,1,0,1,1,0,0,1
Licence,Licence - Sciences - technologies - santé,Sciences pour la santé,19626,15123,19000,11942,1481,127,619,102,88,35,1817,1403,258,974,753,19,202,1314
Autre formation,"CUPGE - Sciences, technologie, santé",Sciences pour l'ingénieur,134,35,110,76,8,2,24,6,3,2,40,9,0,7,5,0,2,1
Autre formation,Formation en ingénierie,Sciences pour l'ingénieur,2391,416,2098,1479,157,20,293,139,18,2,334,116,6,110,109,0,1,32
Licence,Licence - Sciences - technologies - santé,Sciences pour l'ingénieur,20209,3858,18594,13270,1937,185,1609,350,234,75,2281,1052,347,947,705,38,204,201
Licence,Licence - Sciences humaines et sociales / Sciences - technologies - santé,Sciences pour l'ingénieur,159,77,128,85,12,3,31,5,4,4,75,31,7,26,20,2,4,19
Licence,Licence - Droit-économie-gestion,Sciences sanitaires et sociales,733,658,669,327,166,31,64,2,11,6,180,135,28,99,58,11,30,145
Licence,Licence - Sciences - technologies - santé,Sciences sanitaires et sociales,5291,4906,5081,1324,2369,407,210,19,39,39,635,473,50,421,77,33,311,493
Licence,Licence - Sciences humaines et sociales,Sciences sanitaires et sociales,1598,1429,1403,568,414,72,193,17,38,28,334,200,69,169,77,21,71,241
Licence,Licence - Droit-économie-gestion,Sciences sociales,1429,864,1374,1199,9,0,55,30,3,0,200,169,13,150,149,0,1,108
Licence,Licence - Sciences humaines et sociales,Sciences sociales,18213,12913,16102,10451,1334,340,2109,275,312,199,3418,2218,654,1783,1384,141,258,1947
Autre formation,Classe préparatoire aux études supérieures,Scientifique,2025,601,1939,1445,123,107,86,27,9,22,240,212,3,209,176,22,11,60
BTS,BTS - Services,Service et prestation des secteurs sanitaire et social,43166,39728,41399,4349,13409,15606,1740,81,358,528,3329,2678,189,2402,242,1167,993,2717
Autre formation,Mention complémentaire,Services financiers,120,76,112,6,19,84,8,0,1,5,30,17,2,18,1,16,1,16
BTS,BTS - Services,Services informatiques aux organisations,61234,4850,57386,9455,20298,13949,3808,298,1167,520,5873,4668,356,4080,827,1504,1749,383
Licence,Licence - Sciences humaines et sociales,Sociologie,39354,28601,33543,21497,3444,893,5794,972,928,594,7142,4097,2048,3738,2482,427,829,4362
Autre formation,DN MADE,Spectacle,1927,1582,1922,459,340,252,5,1,0,3,134,136,1,76,33,13,30,106
Autre formation,DEJEPS,Spéléologie,8,0,8,4,1,0,0,0,0,0,1,0,0,0,0,0,0,0
DUT,DUT - Service,Statistique et informatique décisionnelle,6032,1504,5666,3940,591,14,366,116,59,4,683,586,51,485,437,1,47,187
BTS,BTS - Services,Support à l'action managériale,67803,50006,61140,4016,23965,22794,6556,387,1971,1422,7895,5848,711,5522,470,2489,2563,5221
Autre formation,BPJEPS,Surf,30,4,27,12,5,5,3,1,2,0,5,2,0,1,0,0,1,1
BTS,BTS - Production,Systèmes constructifs bois et habitat,3352,253,3253,429,1117,1290,99,11,24,34,458,357,20,319,38,185,96,27
BTS,BTS - Production,Systèmes numériques - Option électronique et communication,19497,811,17828,1729,6236,6683,1652,85,485,449,2153,1619,148,1518,118,718,682,57
BTS,BTS - Production,Systèmes numériques - Option informatique et réseaux,53473,3152,51727,8923,18842,11950,1722,121,328,566,3065,2737,116,2434,406,864,1164,110
BTS,BTS - Production,Systèmes photoniques,1117,219,925,127,461,192,190,15,62,33,245,146,34,141,19,27,95,41
CPGE,Classe préparatoire scientifique,TB,1967,1322,1967,0,1892,0,0,0,0,0,197,202,0,201,0,0,201,130
Autre formation,Mention complémentaire,"Technicien ascensoriste, service et modernisation",831,9,780,0,3,702,50,0,7,35,196,112,8,105,0,105,0,2
Autre formation,DEUST,Technicien de la mer et du littoral,208,91,208,86,56,13,0,0,0,0,32,31,0,20,9,0,11,9
Autre formation,Mention complémentaire,Technicien en chaudronnerie aéronautique et spatiale,130,2,126,1,1,122,4,0,0,4,36,29,2,31,0,31,0,0
Autre formation,Mention complémentaire,Technicien en énergies renouvelables (option énergie électrique),749,21,682,6,16,594,65,1,9,36,246,106,8,101,0,96,5,3
Autre formation,Mention complémentaire,Technicien en énergies renouvelables (option thermique),431,14,380,6,10,328,49,0,2,34,149,65,8,72,0,69,3,0
Autre formation,Technicien supérieur,Technicien en Qualité Sécurité Environnement Management des risques,48,18,41,27,3,0,7,3,1,0,47,17,2,15,14,0,1,6
Autre formation,Mention complémentaire,Technicien en réseau électrique,142,3,134,1,4,123,8,0,1,7,34,18,0,18,0,16,2,0
Autre formation,Technicien supérieur,Technicien Supérieur du transport aérien et maritime de marchandises,24,6,19,7,6,3,5,0,2,1,15,1,0,0,0,0,0,1
Autre formation,Technicien supérieur,Technicien Supérieur Géologie,59,16,58,40,6,0,1,1,0,0,30,22,0,17,14,0,3,6
Autre formation,Mention complémentaire,Technicien(ne) en soudage,823,25,790,1,8,741,33,0,5,23,204,139,12,140,0,139,1,6
Autre formation,Mention complémentaire,Technicien(ne) en tuyauterie,77,3,71,0,2,66,5,0,2,2,67,24,0,23,0,23,0,1
BTS,BTS - Production,Technico-commercial (BTS),36587,9549,34731,4166,12892,10221,1835,158,397,464,2726,2229,158,2040,158,1054,828,518
BTS,BTSA,Technico-commercial (BTSA),5755,2602,4834,605,1385,1856,885,68,277,213,1603,887,154,888,121,491,276,507
DUT,DUT - Service,Techniques de commercialisation,167954,81191,162829,92234,45454,3427,5100,1329,1430,197,9218,8739,438,8107,4814,136,3157,5253
DUT,DUT - Service,Techniques de commercialisation - Formation franco-allemande en gestion touristique TEC2TOUR,198,134,195,125,28,4,3,1,0,2,14,13,1,12,12,0,0,13
DUT,DUT - Service,Techniques de commercialisation - Formation trinationale franco-germano-suisse IBM,346,181,346,248,37,5,0,0,0,0,32,33,0,31,30,0,1,20
BTS,BTS - Production,Techniques et services en matériels agricoles,737,42,732,41,132,460,5,0,0,3,138,114,1,110,4,96,10,1
BTS,BTS - Production,Techniques physiques pour l'industrie et le laboratoire,1640,481,1450,352,599,76,188,17,54,15,234,160,22,123,41,4,78,47
Autre formation,DEUST,Technologies de l'organisation dans les professions de santé,181,137,99,31,38,2,82,9,23,6,30,12,11,16,5,0,11,15
Autre formation,DEJEPS,Tennis,116,22,104,51,28,11,12,2,1,1,12,3,0,2,1,0,1,0
Autre formation,BPJEPS,Tennis de table (BPJEPS),60,11,54,26,14,9,6,0,2,3,9,0,0,0,0,0,0,0
Autre formation,DEJEPS,Tennis de table (DEJEPS),58,3,44,20,8,9,14,6,5,2,4,0,0,0,0,0,0,0
Autre formation,DN MADE,Textile,1818,1595,1793,468,518,153,25,5,2,4,85,82,3,63,28,9,26,71
Autre formation,Diplôme des métiers d'Arts,"Textile Céramique : Arts textiles, option broderie",224,209,224,13,75,33,0,0,0,0,19,20,0,5,0,0,5,20
Autre formation,Diplôme des métiers d'Arts,"Textile Céramique : Arts textiles, option tissage",78,74,78,4,30,9,0,0,0,0,4,5,0,2,0,0,2,5
Autre formation,Diplôme des métiers d'Arts,Textile Céramique : Céramique Artisanale,156,127,137,19,40,10,19,6,2,3,24,22,2,9,2,1,6,19
Licence,Licence - Sciences humaines et sociales,Théologie,150,72,122,80,11,7,28,7,6,6,145,12,2,10,8,1,1,7
Licence,Licence - Sciences humaines et sociales,Théologie Catholique,137,66,93,53,2,3,44,6,2,3,65,12,11,5,5,0,0,10
Licence,Licence - Sciences humaines et sociales,Théologie Protestante,116,51,69,33,5,4,47,1,4,0,65,8,26,2,0,1,1,16
BTS,BTS - Services,Tourisme,64153,49014,60881,19056,13610,12478,3248,343,567,630,4908,3744,351,2928,1264,817,847,3324
CPGE,Classe préparatoire scientifique,TPC,568,232,556,0,531,0,12,0,7,0,110,98,1,97,0,0,97,41
BTS,BTS - Production,Traitement des matériaux,1024,140,880,112,431,133,143,13,55,8,173,121,25,111,16,20,75,19
BTS,BTS - Services,Transport et prestations logistiques,16929,3953,15921,1673,3645,5488,985,40,144,252,1404,1148,79,1058,112,637,309,276
BTS,BTS - Production,Travaux publics,7733,580,7267,1015,2784,1866,461,42,107,102,729,539,53,496,63,208,225,38
Autre formation,DEJEPS,Triathlon,32,7,32,21,4,3,0,0,0,0,3,2,0,2,2,0,0,1
CPGE,Classe préparatoire scientifique,TSI,10528,884,10351,0,9322,147,175,0,136,7,1572,1375,21,1353,0,54,1299,111
Autre formation,DEJEPS,Vélo tout terrain,59,5,59,29,16,9,0,0,0,0,4,1,0,1,1,0,0,0
Autre formation,Mention complémentaire,Vendeur spécialisé en produits techniques pour l'habitat,101,44,81,2,3,67,17,0,2,13,30,15,4,20,0,20,0,10
BTS,BTSA,Viticulture-Oenologie,2761,997,2695,858,743,551,66,13,13,10,397,287,16,262,92,73,97,101
Autre formation,DEJEPS,Volley-ball (DEJEPS),66,20,66,31,12,15,0,0,0,0,5,0,0,0,0,0,0,0
Autre formation,DEUST,Webmaster et gestionnaire d'intranet,328,100,212,76,38,16,116,13,15,12,100,44,28,27,17,4,6,28
